:020000040800F2
:1000000000C000205DEC0008F9A90008FBA9000869
:10001000FDA90008FFA9000801AA000800000000CF
:1000200000000000000000000000000003AA00081B
:1000300005AA00080000000007AA000809AA000895
:10004000A5EC0008A5EC0008A5EC0008A5EC00084C
:10005000A5EC0008A5EC000815AA000821AA0008D4
:100060002DAA000841AA00084DAA0008C98A000864
:10007000A5EC0008A5EC0008A5EC0008A5EC00081C
:10008000A5EC0008A5EC0008A5EC0008A5EC00080C
:10009000A5EC0008A5EC0008A5EC000859AA00088A
:1000A000A5EC0008A5EC0008A5EC0008A5EC0008EC
:1000B000A5EC0008EDA0000865A70008A5EC000865
:1000C000A5EC0008A5EC0008A5EC0008A5EC0008CC
:1000D000A5EC0008A5EC0008C9AC0008D9AC0008E4
:1000E00085AB0008A5EC0008A5EC0008A5EC00080D
:1000F000A5EC0008A5EC0008A5EC0008A5EC00089C
:10010000A5EC0008A5EC0008A5EC0008A5EC00088B
:10011000A5EC0008A5EC0008A5EC0008A5EC00087B
:10012000A5EC0008A5EC0008A5EC0008A5EC00086B
:1001300000000000000000000000000000000000BF
:1001400000000000000000000000000000000000AF
:10015000000000000000000000000000000000009F
:10016000000000000000000000000000000000008F
:10017000000000000000000000000000000000007F
:10018000000000000000000000000000000000006F
:10019000000000000000000000000000000000005F
:1001A000000000000000000000000000000000004F
:1001B000000000000000000000000000000000003F
:1001C000000000000000000000000000000000002F
:1001D000000000000000000000000000000000001F
:0401E0005FF8E0F1F3
:1001E8000348044B834202D0034B03B118477047BE
:1001F8001005002010050020000000000548064BEF
:100208001B1AD90F01EBA301491002D0034B03B10C
:100218001847704710050020100500200000000056
:1002280010B5064C237843B9FFF7DAFF044B13B136
:100238000448AFF300800123237010BD100500208F
:1002480000000000A8EC000808B5044B1BB10449E5
:100258000448AFF30080BDE80840CFE70000000085
:1002680014050020A8EC00080CB470B50C46002555
:100278006FF000469CB00A4A20AB059253F8042B55
:1002880002A9CDE901341B9504960796069400F05F
:10029800BFF9029B1D701CB0BDE8704002B07047EA
:1002A8000802FFFF0EB470B504466FF00046002543
:1002B8009DB00B4A21AB0B49106853F8042B0591EC
:1002C80002A9CDE90134049607961B95069400F01F
:1002D8009FF9029B1D701DB0BDE8704003B07047C8
:1002E800000000200802FFFF20F0030110F00300C7
:1002F800C0F1000051F8043B00F1040C4FEACC0CAB
:100308006FF000021CBF22FA0CF213434FF0010CED
:100318004CEA0C2C4CEA0C4CA3EB0C0222EA03022C
:1003280012EACC1204BF51F8043B0430F4D0C2F1F5
:10033800000102EA0102B2FA82F2C2F11F0200EBE6
:10034800D2007047830710B5044610D10268A2F1A5
:10035800013323EA020313F0803F08D150F8042F39
:10036800A2F1013323EA020313F0803FF6D00378A9
:100378001BB110F8013F002BFBD100F003F8204619
:1003880010BD00BF80EA0102844612F0030F4FD16E
:1003980011F0030F32D14DF8044D11F0040F51F84C
:1003A800043B0BD0A3F101329A4312F0803F04BF03
:1003B8004CF8043B51F8043B16D100BF51F8044BEC
:1003C800A3F101329A4312F0803FA4F101320BD11C
:1003D8004CF8043BA24312F0803F04BF51F8043BA1
:1003E8004CF8044BEAD023460CF8013B13F0FF0FFE
:1003F8004FEA3323F8D15DF8044B704711F0010F31
:1004080006D011F8012B0CF8012B002A08BF704701
:1004180011F0020FBFD031F8022B12F0FF0F16BFF8
:100428002CF8022B8CF8002012F47F4FB3D17047C0
:1004380011F8012B0CF8012B002AF9D1704700BFE5
:100448002DE9F0471D468F680C46AF4216460B68EB
:1004580036D8B1F90CC01CF4906F0ED13D46184641
:1004680031462A4600F0DEFB0020A368DF1B236824
:10047800A7602B442360BDE8F0874A69096902EB4D
:1004880042025F1A02EBD2726B1C52103B44934239
:1004980092BF914699461A461CF4806F804611D047
:1004A800114600F0E1FA824600B33A46216900F0AD
:1004B800F9FCA38923F4906343F08003A38105E04A
:1004C8002F46CCE700F0AAFD824658B10AEB070395
:1004D800A9EB0707A760C4F810A02F46C4F814902A
:1004E8002360BCE74046216900F03EFB0C22A3894B
:1004F8004FF0FF3043F04003C8F80020A381BAE76B
:100508002DE9F04F936883B0924617680190002B4D
:1005180076D04FF0000B0C465D468B680A6848E0C1
:10052800B4F90CC01CF4906F2FD0D4E90403A2EBEB
:10053800000803EB430202EBD27208F101015210EA
:100548002944914292BF914689460A461CF4806F1D
:1005580039D01146019800F087FA064600283DD0A8
:100568004246216900F09EFCA28922F4906242F082
:100578008002A28106EB0800A9EB08022661A846C2
:100588002E46A2602060C4F814903246594600F006
:1005980049FBDAF80810A3682268A3EB0803324481
:1005A800491BA3602260CAF8081049B3D7E900B50F
:1005B800083798461046002DF8D09D421E46AFD207
:1005C800A8462E46E1E70146019800F027FD0646B9
:1005D8000028CFD10198216900F0C6FA0C21A3891F
:1005E800019D43F0400329600022A3814FF0FF30B2
:1005F8000023CAF80820CAF8043003B0BDE8F08F19
:1006080000200023CAF8043003B0BDE8F08F00BF13
:100618002DE9F04F1C468B8989461D068246934674
:100628009DB003D50B69002B00F0EE80002343F248
:10063800200209939BF8003001277C4E0394ADF803
:100648002920002B71D05D4603E015F8013F002BEF
:1006580073D0252BF9D1B5EB0B0471D12A78002A78
:1006680063D000234FF0FF320135CDE90523049311
:1006780007938DF853301A9306E02546049B801B98
:1006880007FA00F0034304932C46052214F8011BD3
:10069800304600F013FFA3460028EED1049BD9068C
:1006A80044BF20228DF853201A0748BF2B222978EF
:1006B80048BF8DF853202A294FD1039A1168043274
:1006C800002903927BDB079169782E295BD0584C6F
:1006D8000322204600F0F2FE38B14022049B001BA2
:1006E800824013430BF1010B04931BF8011B0622F4
:1006F80050488DF8281000F0E1FE002865D04E4BD8
:10070800002B55D003A900914A4650464B4B04A9EB
:10071800AFF300808046B8F1FF3F06D0099B434401
:1007280009939BF80030002B8DD1B9F80C305B068B
:1007380079D409981DB0BDE8F08FB5EB0B04F4D05F
:1007480023465A4649465046FFF77AFE0130ECD018
:10075800099B2A782344099381E7A1F13002092AE9
:1007680088BFAB46B1D8079B00E00134217803EB82
:10077800830302EB4303A1F13002092AF5D92E299C
:10078800A3460793A3D19BF801102A2927D1039BDD
:100798000BF102001A680433002A0393B8BF4FF024
:1007A800FF339BF8021005928346B8BF05938EE786
:1007B800039B073323F0070308330393AEE749424B
:1007C80043F00203079104937EE703A900914A4688
:1007D80050461A4B04A900F0E5FC80469BE700232D
:1007E800A1F13002092A0BF1010B05933FF66FAF17
:1007F8001BF8011F03EB830302EB4303A1F1300253
:10080800092AF5D9059362E7402100F02DF9C9F8C6
:100818000000C9F8100018B14023C9F8143005E7E2
:100828000C23CAF800304FF0FF3083E7CCFF0008F4
:10083800D4FF0008D8FF00080000000049040008A1
:1008480070B50F4B0F4DAB42A3EB050607D0002444
:10085800B61055F8043B01349847A642F9D80EF073
:100868001FFA094D094B5E1BAB424FEAA60606D09C
:10087800002455F8043B01349847A642F9D870BDC6
:10088800480C0108480C0108480C01084C0C0108E8
:100898000EB44FF40172F0B500269CB021AD55F8A6
:1008A800047BADF814201B9602900690FFF71CFD00
:1008B8004FF6FF7204460A4B0A49ADF816200B930F
:1008C8003A462B46086802A90F9614960195039498
:1008D800079400F083FF1CB0BDE8F04003B07047F8
:1008E800B1160008000000200CB44FF401732DE984
:1008F800F04100269CB022AD0746084655F8048B07
:10090800ADF81430029106911B96FFF7EDFC4FF6F7
:10091800FF7304460949ADF816300B914246384634
:100928002B4602A90F96149601950394079400F09C
:1009380055FF1CB0BDE8F04102B07047B116000881
:1009480003460A4602490868194600F053B800BF32
:100958000000002070B5860747D0541E002A3ED0FC
:100968000346CAB201E0013C39D303F8012B9D07C5
:10097800F9D1032C2CD9CDB205EB05250F2C1A463D
:1009880005EB054534D9A4F1100C2CF00F0603F142
:10099800100EB6444FEA1C1CC2E90055C2E90255C4
:1009A80010327245F8D10CF1010214F00C0F03EB70
:1009B800021204F00F0C13D0ACF1040323F003036C
:1009C8000433134442F8045B9342FBD10CF0030454
:1009D8002CB1C9B21C4403F8011BA342FBD170BD62
:1009E80064461346002CF4D1F9E703461446C0E7E1
:1009F800A446E1E770B5A1FB025454B9294600F0BA
:100A080033F8064618B12A462146FFF7A3FF3046B9
:100A180070BD0C2200260260F9E700BF70B5114EC8
:100A2800054633680C46BBB12146284600F018FE3F
:100A3800431C01460CD0C41C24F00304A04205D07A
:100A48002846611A00F00CFE013001D0204670BD26
:100A58004FF0FF34204670BD194600F001FE3060AB
:100A6800E2E700BF2C0500202DE9F843CD1C25F056
:100A7800030508350C2D38BF0C25002D064618DB5C
:100A8800A94216D8DFF8DC8000F0CEFCD8F80420A4
:100A9800A2B1144603E0636822467BB11C46236872
:100AA8005B1BF8D40B2B1FD89442636854D0536057
:100AB8000CE00C2333600020BDE8F883294630465B
:100AC800FFF7ACFF431C044619D00560304600F020
:100AD800ADFC04F10B00231D20F00700C21A1CBF57
:100AE8001B1AA350BDE8F88361199442256014BF0E
:100AF8005160C8F80410635163684B60E6E7D8F8A2
:100B080004701FB33C467F68002FFBD12368394629
:100B1800304604EB030900F0A3FD814516D1236894
:100B28003046ED1A2946FFF779FF01300ED02368C9
:100B3800D8F804202B442360536883B1A34203D020
:100B48001A465B689C42FBD10023B0E70C23304671
:100B5800336000F06BFCAEE7C8F80430B6E7C8F8BD
:100B68000470B3E72C050020002950D038B551F89F
:100B7800043C0C1F002BB8BFE418054600F054FCD9
:100B8800274A13682BB1A3420CD921686018834205
:100B98002CD0284663601460BDE8384000F046BC9D
:100BA800A3420FD81A465B68002BF9D11168501878
:100BB800844217D02CD3636054602846BDE838407F
:100BC80000F034BC11685018A04214D020D8216815
:100BD80060188342EFD118685B680844C4E90003D1
:100BE8005460EAE723680B441360E6E718685B681B
:100BF80008442060CDE72068014450188342116002
:100C0800DBD1D3E900040144C2E90014D5E77047F9
:100C18000C2328462B60BDE8384000F007BC00BF15
:100C28003005002088420ED98B1883420BD900EB7F
:100C3800020C002A6DD0624613F801CD994202F8E1
:100C480001CDF9D170470F2A0FD8034602F1FF3CB6
:100C5800002A5ED00CF1010C013B8C4411F8012BE9
:100C6800614503F8012FF9D1704740EA01039B075A
:100C780050D1A2F1100370B501F1200C23F00F053B
:100C880001F1100E00F11004AC441B095EF8105C71
:100C98000EF1100E44F8105C5EF81C5C103444F839
:100CA8001C5C5EF8185C44F8185C5EF8145CE64559
:100CB80044F8145CEAD1013312F00C0F01EB031174
:100CC80002F00F0400EB031328D08E46043C24F0F6
:100CD80003064FEA940C1E441C1F5EF8045B44F89C
:100CE800045FB442F9D10CF1010402F0030203EBF2
:100CF800840301EB840102F1FF3C4AB10CF1010CC1
:100D0800013B8C4411F8012B614503F8012FF9D1FF
:100D180070BD7047034602F1FF3C9BE72246EAE7B5
:100D28000A22002100F0B0B80A23002200F09CB883
:100D3800242B2DE9F84F42D8012B40D01F468E4670
:100D48008046484875461EF801BB10F80B4014F061
:100D58000804F7D1BBF12D0F6FD06FF00049BBF13C
:100D68002B0F04BF9EF800B005F1020E7BBBBBF150
:100D7800300F4CD00A273B460025B9FBF7F628462A
:100D880007FB169A05E03BD0012507FB00C01EF8BB
:100D980001BBABF1300CBCF1090F06D9ABF1410C2A
:100DA800BCF1190F1AD8ABF1370C63451FDDB5F14B
:100DB800FF3FECD08642E6D24FF0FF35E7E701F07F
:100DC8003BFA1622034600201A60BDE8F88F102B64
:100DD800D2D1BBF1300F23D01F46CDE7ABF1610C68
:100DE800BCF1190F03D8ABF1570C6345DFDC6B1C62
:100DF8002BD054B9002AE8D085BB1160BDE8F88F24
:100E0800E245C1DA4FF0FF35C1E74042F2E79EF80C
:100E1800003003F0DF03582B08D008273B46ABE728
:100E28009EF8000000F0DF005828D5D110279EF862
:100E380001B03B460EF1020E9EE79EF800B04FF05F
:100E48000049012405F1020E90E72223C8F800307A
:100E580032B10EF1FF3148461160CFE78146F8E71D
:100E68004846B2E7D5EC000862E700BF8C4600B5FB
:100E780086461346034A714610685DF804EB6246DD
:100E880056E700BF000000208C4600B58646134692
:100E9800034A714610685DF804EB624648E700BFF4
:100EA80000000020844641EA000313F0030349D1FF
:100EB800403A23D30B6803604B6843608B688360B8
:100EC800CB68C3600B6903614B6943618B698361BC
:100ED800CB69C3610B6A03624B6A43628B6A8362A4
:100EE800CB6AC3620B6B03634B6B43638B6B83638C
:100EF800CB6BC36340304031403ADBD230320BD346
:100F08000B6803604B6843608B688360CB68C36081
:100F180010301031103AF3D20C3205D351F8043B9B
:100F280040F8043B043AF9D2043208D0D2071CBF77
:100F380011F8013B00F8013B01D30B8803806046A0
:100F4800704700BF082A13D38B07B1D010F00303F2
:100F5800AED0C3F10403D21ADB071CBF11F8013B62
:100F680000F8013BA4D331F8023B20F8023B9FE78D
:100F7800043AD9D3013A11F8013B00F8013BF9D200
:100F88000B7803704B7843708B788370604670479A
:100F9800024B01461868FFF767BD00BF000000203C
:100FA800024B01461868FFF7DFBD00BF00000020B4
:100FB80040EA01039B0710B524D1032A22D98E46A3
:100FC8008446DEF800407146A4F1013323EA0403A5
:100FD80013F0803F0EF1040E15D1043A032A4CF8A1
:100FE800044BEED8714601F1FF3E52B163461EF83C
:100FF800011F541E03F8011B41B122469C46002ADA
:10100800F4D110BD844601F1FF3EEEE79444002C74
:10101800F7D003F8011B6345FBD110BD2DE9F04162
:10102800144641B30AB306460D4600F075FB8442E8
:10103800074602D8B4EB500F13D821463046FFF7C5
:1010480013FD804650B1BC422246294628BF3A4685
:10105800FFF728FF29463046FFF786FD4046BDE8E2
:10106800F081A8464046BDE8F081A046FFF77CFD28
:101078004046BDE8F0811146BDE8F041FFF7F4BCF9
:101088002DE9F84F92461F460A698B680C469A422A
:10109800B8BF1A46CAF8002091F843300646DDF872
:1010A800289013B10132CAF80020226891065FD552
:1010B800DAF800300233CAF80030226812F0060F5E
:1010C80011461DD1E1689942D8BF114618DD4FF08D
:1010D800000804F1190B05E0E568DAF80030ED1AAC
:1010E80045450CDD01235A4639463046C84701308C
:1010F80008F10108F0D14FF0FF30BDE8F88F216802
:1011080094F84330003B18BF01238A060AD53021E2
:10111800E21882F8431094F845105A1C224402330E
:1011280082F843103946304604F14302C84701307B
:10113800E1D0D4E902202368DAF8005003F006036E
:10114800042B21691BD08A4220DD4FF00008521A77
:10115800904400251A3401E0454517DA0123224658
:1011680039463046C847013005F10105F4D1C2E7D8
:1011780012F0060F0DD0003B18BF0123D2E7401B29
:101188008A4220EAE078E2DC0028E2DC0020BDE8C0
:10119800F88FE168DAF800309942D8BF114696DC3A
:1011A800AEE700BF2DE9F04717460A7E84B00C462B
:1011B800064698460C9D01F1430C002A35D0A2F151
:1011C8005803D9B2202969D8202B67D8DFE813F053
:1011D800E600660066006600660066006600660057
:1011E800660066006600AC00700066006600660077
:1011F80066007000660066006600660021008300D5
:10120800C60066006600B6006600830066006600D9
:10121800EC002B682268181D6169286010061B689D
:1012280002D4520600F1E08019600023E1462361F0
:101238003B4621463046CDF8008003AAFFF720FF41
:10124800013020D04A46394630462369C04701302C
:1012580019D02368E0689B07DDF80C9018D548453D
:1012680016DD002504F1190A04E0E068A0EB090383
:10127800AB420DDD0123524639463046C0470130A6
:1012880005F10105F1D14FF0FF3004B0BDE8F0875A
:101298004845B8BF484604B0BDE8F087012084F847
:1012A800422004F142090023206184F84330BFE75B
:1012B8002A682368111D1806296002D4590600F10E
:1012C80095801068014600286268C0F293804FF04C
:1012D8000A0E534815E020682B6810F0800F53F869
:1012E800041B02D1400648BF89B26F2A14BF4FF0D1
:1012F8000A0E4FF0080E4A482B600023626884F8F3
:101308004330002AA26051DB236823F004032360E2
:1013180000294BD1002A7BD1E146BEF1080F56D0F7
:10132800ACEB0903236183E72A68012011680432C2
:101338002A6004F1420984F84210B4E72B680021BE
:101348001A1D2A60D3F800906268484600F0B6F883
:10135800002863D0A0EB09006060A4E7236843F08D
:101368002003236078222F4884F845202A6813F048
:10137800800F52F8041B03D113F0400F18BF89B235
:101388002A60DA0744BF43F02003236019B92368B1
:1013980023F0200323604FF0100EAEE758232048B7
:1013A80084F845302368E1E72368DBE77546E146C2
:1013B800B1FBF5F30A4605FB131A194610F80A3073
:1013C800AA4209F8013DF3D2BEF1080FA8D123685B
:1013D800DD07A5D5626823699A42A1DC302309F1AB
:1013E800FF3989F800309BE719801EE7B2F9001031
:1013F800084668E72D20002AA26084F8430002DB33
:1014080023F0040323600A250548AE464942CEE787
:10141800037804F1420984F842307EE7606842E7C5
:10142800E0FF0008F4FF0008704700BF704700BFE6
:10143800002A3ED0844630B50446084380070B4650
:101448002ED1032A07D82BE0043A25D01EF0803F7E
:1014580022D1032A22D919462068A446A0F10133D3
:1014680023EA000E0B4653F8045B0434A842EBD081
:101478009CF800000C7884421DD1E64668B11EF83D
:10148800010F11F8014FA2EB0E03A04203F1FF3345
:1014980011D11CEB0303F1D1002030BDA44619463D
:1014A8009CF800000C78A04205D1012AF4D0E64649
:1014B800E4E710467047001B30BD00BF5FFA81FCAF
:1014C800810744D00346511E22B909E09A0709D082
:1014D800013905D31846027801336245F6D17047C1
:1014E80000207047184603290CD80029F8D0034675
:1014F800014401E08B42F3D0184613F8012B6245F2
:10150800F8D1704710B50CEB0C24024604EB0444E8
:1015180002E00439032915D9104652F8043B634008
:10152800A3F1013E2EEA030313F0803FF1D00346F6
:10153800014401E08B4208D0184613F8012B62459C
:10154800F8D110BD10460029F1D1002010BD114678
:10155800C9E700BF08B410B5002A04469DB034DBC3
:101568004FF4027C4FF00003ADF814C01B934FF604
:10157800FF7C0291069120AB15D0013A04920792A4
:1015880002A91F9A0193ADF816C0FFF741F8421C53
:1015980001DA8B2323600022029B1A701DB0BDE87C
:1015A800104001B070470492079202A91F9A019354
:1015B800ADF816C0FFF72CF8431C01DA8B23236023
:1015C8001DB0BDE8104001B070478B234FF0FF30CD
:1015D8002360F5E70CB410B5204B00291C689CB0BB
:1015E80036DB4FF000034FF402721B934FF6FF7C7B
:1015F80002900690ADF814201FAB16D001391E9A40
:1016080004910791204602A90193ADF816C0FEF790
:10161800FFFF421C01DA8B2323600022029B1A7011
:101628001CB0BDE8104002B07047049107912046F5
:101638001E9A02A90193ADF816C0FEF7E9FF431CF4
:1016480001DA8B2323601CB0BDE8104002B070475C
:101658008B234FF0FF302360F5E700BF0000002028
:10166800002238B5064D044608462A6002F0A0F963
:10167800431C00D038BD2B68002BFBD0236038BD3D
:101688007006002010B50C46B1F90E1000F0FCFDF4
:10169800002803DB636D0344636510BDA38923F44D
:1016A8008053A38110BD00BF002070472DE9F04191
:1016B8000C46B1F90C101F46CB05054616460BD44F
:1016C80021F48051A1813B4632462846B4F90E10D8
:1016D800BDE8F04100F0F6BEB4F90E100223002276
:1016E80000F036FEB4F90C10EAE700BF10B50C465E
:1016F800B1F90E1000F02CFEB4F90C30421C0EBFEC
:1017080023F4805343F480536065A38110BD00BF68
:10171800B1F90E1000F0B2BC51F8043C181F002BB0
:10172800BCBF0B58C01870474B1C70B51AD0144674
:101738009389526823F02003A381636BCDB2A3B1D0
:10174800A36B934209DD23685A1E226003F8015CEB
:10175800636801336360284670BD214600F00EFEC1
:101768000028F0D04FF0FF35F5E7236921682BB149
:101778008B4203D211F8013CAB420ED02346032022
:10178800C4E90F12012204F14406A063666303F85A
:10179800465F2846C4E9003270BD01390132C4E908
:1017A8000012D8E710B50C46496B69B104F144033F
:1017B800994201D0FFF7D8F90020236C6063636079
:1017C80013B1E36B236010BD0021A2894FF0FF30F5
:1017D80042F020022369A2816160F3E72DE9F04716
:1017E80092460025884AADF5247DA1929AF800908A
:1017F800864A0DF108084595A2924695CDF81C81B8
:101808000193B9F1000F13D0814E074616F809303D
:101818000C4613F008030AF101052ED1B9F1250F82
:1018280044D06368002B08DD23681A784A450FD036
:1018380045980DF5247DBDE8F08721463846A29BE2
:101848009847002840F0098123681A784A45EFD163
:10185800AA46013323606368013B6360469B0133FA
:1018680046939AF80090B9F1000FE1D016F80930C4
:101878000AF1010513F00803D0D062680CE0236870
:101888001A780133B25C11070ED562684699013A9D
:10189800C4E9003201314691002AF0DC214638467D
:1018A800A29B98470028EAD0AA46DAE744934293D5
:1018B8009AF801102A2905D1102342939AF80210A8
:1018C8000AF10205A1F13003092B0DD8002303EB1F
:1018D800830301EB4301A1F13003449315F8011F81
:1018E800A1F13002092AF2D9DFF828A103225046D3
:1018F800FFF7E4FD38B10123429AA0EB0A008340C8
:10190800134301354293AA461AF8013B782B00F29B
:101918008380DFE813F0A800810081008100810046
:1019280081008100810081008100810081008100A7
:101938008100810081008100810081008100810097
:101948008100810081008100810081008100810087
:101958008100810081008100810081008100810077
:1019680011018100810081008100810081008100D6
:101978008100810081008100810081008100810057
:101988008100810081008100810081008100810047
:101998008100810081008100810081008100810037
:1019A800C600C600C6008100810081008100810058
:1019B8008100810081008100810081008100810017
:1019C800810081008100C90081008100FB00810045
:1019D8008100810081008100810081000701DD0014
:1019E800C600C600C60081000E018100810081008A
:1019F8008100DF00EE00F20081008100F900810023
:101A0800DD0081008100C90031170008AD1700080A
:101A1800D5EC0008D4FF0008032348930A23439316
:101A28006368002B4DDD429B580625D5489B022B49
:101A380040F38480042B40F38880474B002B3FF40D
:101A480010AF2246384601AB42A9AFF30080012807
:101A58003FF4EEAE02287FF404AF459818B1A3898D
:101A68005B067FF5E6AE4FF0FF30E2E621463846EA
:101A7800A29B98470028F0D122681378F35C1907D5
:101A8800D4D563684699013B0131002B46916360C8
:101A980002F10102EADD22601378F35C1907C5D56B
:101AA800EFE705234893BBE7429A42F4007242925B
:101AB80010226E2B43921ED8032348936368002B91
:101AC800B1DC21463846A29B98470028ABD0C4E732
:101AD8000A22EEE7429BDA063FF5C3AE019ADB071E
:101AE80002F104000190469913684CBF19801960EF
:101AF800B7E6082343930423DFE710234393429B6D
:101B080043F408734293F6E70223D6E7514640466A
:101B180000F0D0FB01234893429B824643F04003E8
:101B280042937DE700234893429B43F0400342934E
:101B380076E700234393BFE7554672E622463846C8
:101B480001AB42A900F00AF881E72246384601AB0A
:101B580042A900F069F87AE7000000002DE9F8438F
:101B680014468A6807460D4688692AB9002814BFB2
:101B78004FF0FF3201228A602A68D20603D41A681D
:101B8800111D196016684FF00009DFF8988000B33E
:101B9800012837D002283BD123681A7818F8022088
:101BA800120735D42A6809F10109D10603D41B7834
:101BB80006F8013B23686168AA6801390133013AD4
:101BC800C4E90031AA606AB1002904DDA8690028C7
:101BD800DED12368E6E721463846D5F880319847B4
:101BE8000028F3D02B6813F0100305D1EA680132FE
:101BF800EA60AA6902B1337000202B694B442B615B
:101C0800BDE8F88323686A691978525C002AC9D14B
:101C1800B9F1000FE6D10128F2D02B6813F01003B8
:101C2800EAD1E3E7D5EC00082DE9F04F0C4687B080
:101C3800854D0DF10C0A0746164695E80700DFF8B2
:101C48000CE28AE80700DFF808C2A2690093032AB9
:101C580008BFE646A368CDF804E05A1EB2F5AE7F89
:101C680040F2AB806FF4AE7003EB000940F25D13F5
:101C7800A360A04658F81C2B4FF0000B454642F4D1
:101C880050622260336802221978DAF80000FFF700
:101C980015FC50B3BBF1010F0CD0BBF1020F00F0E3
:101CA800AD80A3685A1EA260A3B94FF0010B0AF1D8
:101CB800040AE7E7D4E900321AB9082243F40073AA
:101CC800626023F4A0632360A3685A1EA260002BFD
:101CD80000F0848033685A1C32601B7805F8013B99
:101CE8007368013B002B73606EDD0BF1010BBBF1D8
:101CF800030FDCD16168002962D0C1F11001554B96
:101D08006069194400F0D6FAA368002B63D04FF03D
:101D1800000A06E0336801333360A368013BA3601F
:101D2800E3B1326860691178D4F800C0405C2CF4E3
:101D3800106E002875D0302953D0C4F800E013780D
:101D480005F8013B7368013B002B7360E2DC314608
:101D58003846D4F8803198470028DED02268D1056B
:101D68000CD5454507D915F8011C32463846D4F834
:101D78007C31013D9847454564D0226812F0100235
:101D880011D12A70636838464146019EB0472368DE
:101D98009A0648D500990B681A1D0A601B681860D6
:101DA800E3680133E36000202369A5EB0805554487
:101DB8002B44236107B0BDE8F08F4FF0000958E7C6
:101DC8000A23062163609AE731463846D4F8803101
:101DD8009847002889D04FF0000ABFE74FF0020B60
:101DE80065E71CF4006FA8D001330AF1010AB9F1C4
:101DF800000FA7D0A36009F1FF39A3E7236803F414
:101E0800C062B2F5007F7FF475AF43F4807323603E
:101E180010236360A3685A1EA260002B3FF46AAFC8
:101E280058E762469BE7009EDF07326802F104012B
:101E380003D5316013681880B2E7009B19601368F6
:101E48001860ADE70120B5E7D8ED00082D26000899
:101E5800710E00080800010800207047024A034973
:101E6800034800F0EFB900BF50000020BD21000872
:101E7800040000200C4B416810B59942044601D07B
:101E880000F098F9A168094B994202D0204600F069
:101E980091F9E168064B994204D02046BDE810400C
:101EA80000F088B910BD00BF340500209C05002053
:101EB80004060020002070472DE9F843002504237C
:101EC800294C2A490822C4F8381104F15C00294633
:101ED800DFF89C90DFF89C80274F284EC4E9033533
:101EE800C4E90055C4E90555A5606566FEF732FDED
:101EF800234B0822294604F1C4006367C4E9084952
:101F0800C4E90A87C4E91A55C4E91E55266325673A
:101F1800C4F8CC50C4F88050FEF71CFD194B294674
:101F2800C4F8DC30082204F1680304F59670C4F89C
:101F38008830C4E92398C4E92576C4E93455C4E94E
:101F48003855C4F8D850C4F83451C4F8E850FEF7EE
:101F580001FD04F1D003C4E93D98C4E93F76C4F813
:101F6800F030BDE8F88300BF34050020651E000886
:101F78008D160008B5160008F51600081917000890
:101F88000900010012000200F8B5254B0646D3F8F7
:101F98003831002B3CD0234FD7E90134013B04D51D
:101FA8001DE05A1C04F1680419D0B4F90C50013B27
:101FB800002DF6D11C4B08222946C4E90155C4E975
:101FC8000455E36065662560A56104F15C00FEF7D1
:101FD800C1FCC4E90D55C4E912552046F8BD3D6859
:101FE8000DB12F46D8E74FF4D6713046FEF73CFDC9
:101FF800044680B104230560294625460C304FF479
:10200800D072A0606360FEF7A5FC3C602F46C3E772
:10201800FFF752FFBFE70C2338603360DDE700BFEE
:1020280034050020500000200100FFFF036A03B1BF
:102038007047044B044AD3F838310262002BF7D1B9
:102048003AE700BF340500207D1E0008704700BF36
:10205800704700BF0020024A024900F0F3B800BFF1
:1020680050000020611E00080020024A024900F0CA
:10207800E9B800BF50000020BD1E0008002238B596
:10208800064D044608462A6001F07AFC431C00D03D
:1020980038BD2B68002BFBD0236038BD70060020AC
:1020A800F8B5B1F90C300C461E07074639D44A6812
:1020B800002A53DDE56A002D31D000223E683A60DF
:1020C80013F48052216A55D101233846A847451C8C
:1020D800024663D0B4F90C30E56A216A580705D581
:1020E8006368D21A636B0BB1236CD21A002338468B
:1020F800A847421C40D00022236962602360A3895C
:10210800DB0400D56065616B3E6041B104F14403B6
:10211800994202D03846FEF727FD0023636300206A
:10212800F8BD0E69002EFAD09B0718BF00230D6872
:1021380008BF4B690E60AD1B8B600CE02B46324626
:10214800D4F828C03846216AE047B0F1000CA5EB66
:102158000C05664406DD002DF0DCE0E70A6C002A79
:10216800A8DCDCE7B4F90C3043F040034FF0FF3053
:10217800A381F8BD626DB1E73968B4F90C301D2947
:10218800F2D80B4ACA40D507EED500226260226910
:102198002260DA04B7D50029B4D0B4E73B68002B35
:1021A80098D01D2B01D0162BDCD13E60B7E700BFBD
:1021B800010040200B69B3B110B5044682B008B1E4
:1021C800036A5BB1B1F90C3013B9002002B010BD3D
:1021D800204602B0BDE81040FFF762BF0191FFF74B
:1021E80025FF0199EEE70020704700BFB8B138B568
:1021F8000D4A0369044615682BB10DB12B6A53B11A
:10220800B4F90C300BB9002038BD21462846BDE88A
:102218003840FFF745BF2846FFF708FFF0E7034AB5
:102228000349044800F00EB80000002050000020C8
:10223800BD21000804000020014B1868704700BF4A
:10224800000000202DE9F8434FF0000980460F46B2
:102258001646D6E90154013D10D4A389012B08D9AB
:10226800B4F90E30013304D021464046B84749EA54
:102278000009013D6B1C04F16804EED13668002E9C
:10228800E7D14846BDE8F88338B50C461146002228
:102298008446074D20462A601A46644601F080FBB2
:1022A800431C00D038BD2B68002BFBD0236038BD01
:1022B8007006002070B50D7804465E2D25D04FF0CD
:1022C800000EF446481C002223466EF307026EF304
:1022D8000F226EF3174204F580716EF31F6243F804
:1022E800042B8B42FBD175B18CF00101615500F1D3
:1022F800010E1EF8013C2D2B0FD05D2B0BD01BB10E
:102308001D467046F2E7013870BD4FF0010E4D785A
:10231800F446881CD7E7704670BD90F801C0BCF140
:102328005D0FEDD06545EBDC6E1C0230A21902F89A
:10233800011B131B013B9C45F9DCACEB0503013B7E
:102348006545A8BF00230EF1020EF518D1E700BFBE
:1023580038B50C46114600228446074D20462A60AF
:102368001A46644601F014FB431C00D038BD2B68A4
:10237800002BFBD0236038BD700600202DE9F0410A
:102388000C46496B04F14403994214D0A66B7700BC
:102398003A46FEF743FE054630B300EB0608014611
:1023A80032464046FEF77EFDC4E90D57C4F800806A
:1023B8000020BDE8F0814FF48061FEF755FB98B12D
:1023C8004FF4806194F846206063A16380F8FF238E
:1023D80094F8452000F2FD3380F8FE2394F8442059
:1023E80080F8FD232360E3E74FF0FF30E1E700BF0B
:1023F80070B54C1C2BD00E460546144610B1036A26
:10240800002B4CD0B4F90C3023F020025807A281DD
:1024180006D4D9061BD51B0734D442F00402A28186
:10242800626B6368F6B2AAB1A26B9A4209DD2368AF
:102438005A1E226003F8016C6368013363603046FA
:1024480070BD21462846FFF799FF0028EFD04FF0CE
:10245800FF36F4E7226921682AB18A4203D211F8CB
:10246800012CB2421ED022460320C4E90F130123D7
:1024780004F14405A063656302F8466F3046C4E979
:10248800002370BD21462846FFF794FE0028DED1C0
:10249800B4F90C20A06022F00802A061BDE7FFF7A4
:1024A800C5FDAFE701390133C4E90013C7E700BF31
:1024B80003460A46024908681946FFF799BF00BF54
:1024C8000000002038B50C46114600228446074D0E
:1024D80020462A601A46644601F078FA431C00D068
:1024E80038BD2B68002BFBD0236038BD7006002058
:1024F8002DE9F04707460E46484C304616F801EBE2
:1025080014F80EC01CF0080CF7D1BEF12D0F5AD0EC
:10251800BEF12B0F09BF6446644696F800E0861C9E
:102528004BB9BEF1300F5CD00A234FF0050A99462B
:10253800DFF8EC800AE0102B4AD04FF0FF38B8FBE8
:10254800F3F803FB08FA99466FEA0A0A00252846B9
:1025580005E02CD0012509FB00C016F801EBAEF10F
:10256800300CBCF1090F06D9AEF1410CBCF1190FC2
:102578000BD8AEF1370C634510DDB5F1FF3FECD059
:102588004045E6D94FF0FF35E7E7AEF1610CBCF105
:10259800190F03D8AEF1570C6345EEDC6B1C0BD05A
:1025A80004B140420AB165B91160BDE8F087D4456D
:1025B800D0DD4FF0FF35D0E7222328463B60002AC4
:1025C800F3D0711EF0E796F800E00124861CA7E717
:1025D800BEF1300F11D04FF00F0A6FF070489946D6
:1025E800B4E7337803F0DF03582B0BD008234FF000
:1025F800070A6FF060489946A8E7307800F0DF00D6
:102608005828E8D14FF0100996F801E04FF00F0A6A
:102618006FF070484B46023698E700BFD5EC0008CB
:102628009999991964E700BF8C4600B58646134608
:10263800034A714610685DF804EB624658E700BF2C
:10264800000000208C4600B586461346034A7146B2
:1026580010685DF804EB62464AE700BF00000020FE
:1026680030B5224A21F00043934287B01BD9204A53
:10267800934205D902460B4601F0B4F907B030BDC4
:1026880002AA00F039F800F0030001281FD0022840
:1026980011D018BBDDE90423DDE90201012400940F
:1026A80000F0C2FEEAE7002400220023009400F0B4
:1026B800BBFE07B030BD0124DDE90423DDE90201DA
:1026C800009400F0B1FE01F1004107B030BDDDE932
:1026D8000423DDE9020101F027F8CFE7DDE904234F
:1026E800DDE9020101F020F8EDE700BFFB21E93F39
:1026F800FFFFEF7F000000002DE9F04F844B21F031
:1027080000459D428046894614468FB040F28A8033
:10271800804B0E469D4228D873A3D3E90023002995
:1027280040F39D8101F05EF97B4B06469D420F46C2
:1027380000F089806EA3D3E9002301F053F9024623
:102748000B463046394616461F4601F04BF968A33A
:10275800D3E9002301F046F9C4E900670127C4E979
:10276800020138460FB0BDE8F08F6C4B9D4240F235
:1027780084806B4B9D425DD82F15A7F21647A5EBB9
:102788000751894601F080FD01F07AFA02460B46AE
:1027980040464946CDE9082301F024F90022614B5F
:1027A80001F0D8FA8946804601F06EFD01F068FA1A
:1027B80002460B4640464946CDE90A2301F012F984
:1027C8000022584B01F0C6FA03254FF000084FF0DD
:1027D8000009CDE90C010DF1380A42467AE90201F7
:1027E8004B46AB46013D01F01DFD0028F5D1022501
:1027F8004D493A4601915B46214608A8009500F0EC
:1028080081F9002E0746ACDA60682268E16800F1B9
:102818000043C4E90023A26801F10043C4E902238C
:102828007F429EE700220023C4E90089C4E902230D
:10283800002796E702460B4601F0D4F8C4E90201E6
:10284800C4E90001F4E72CA3D3E9002301F0CAF896
:102858002BA3D3E900238046894601F0C3F8064636
:102868000F4632463B464046494601F0BBF824A392
:10287800D3E9002301F0B6F86EE701F07DF822A352
:10288800D3E900238046894601F064FA0022274BE9
:1028980001F0AAF801F0F8FC074601F0F1F9024648
:1028A8000B46CDE9042310A3D3E9002301F052FA23
:1028B80002460B464046494601F094F80CA3D3E97A
:1028C800002382468B46DDE9040101F043FA1F2FFD
:1028D800CDE902012EDC164B7A1E53F82230AB42AA
:1028E80028D002460B4699E000004054FB21F93FEE
:1028F8003163621A61B4D03D0000601A61B4D03D02
:102908007370032E8A19A33B83C8C96D305FE43FF7
:10291800FB21E93F7BD90240FB21F93FFB213941EB
:10292800FFFFEF7F0000704164EE00080000E03F09
:10293800E4ED0008DDE902235046594601F052F85B
:102948002B150793C1F30A53C3EB1553102B80467D
:10295800894669DD60A3D3E90023DDE9040101F0BC
:10296800F9F98046894642464B465046594601F099
:1029780039F802460B465046594692469B4601F0A6
:1029880031F842464B4601F02DF855A3D3E9002310
:1029980080468946DDE9040101F0DCF942464B46F0
:1029A80001F020F802460B4650465946CDE902236D
:1029B80001F018F8079AC1F30A53D31A312B80464D
:1029C800894631DD48A3D3E90023DDE9040101F09C
:1029D800C1F98046894642464B465046594601F061
:1029E80001F802460B465046594692469B4600F06F
:1029F800F9FF42464B4600F0F5FF3DA3D3E900231B
:102A080080468946DDE9040101F0A4F942464B46B7
:102A180000F0E8FF02460B46CDE90223504659462E
:102A280000F0E0FF8046894642464B4650465946EC
:102A3800C4E9008900F0D6FFDDE9022300F0D2FFE7
:102A4800002EC4E90201BFF68CAE09F10042C4E9C8
:102A5800008201F10042C4E902027F4281E600F0EF
:102A6800C3FF274B06469D420F4618D022A3D3E941
:102A7800002300F0B9FF02460B4630463946164699
:102A88001F4600F0AFFF1CA3D3E9002300F0ACFF02
:102A9800C4E90067C4E902014FF0FF3761E60EA3FD
:102AA800D3E9002300F0A0FF0DA3D3E9002380465B
:102AB800894600F099FF06460F4632463B46404697
:102AC800494600F08FFF06A3D3E9002300F08CFFEE
:102AD800DEE700BFAFF300800000601A61B4D03DAC
:102AE8007370032E8A19A33B0000002E8A19A33B9A
:102AF800C14920259A837B393163621A61B4D03D7C
:102B0800FB21F93F2DE9F04FADF51B7DBD4CA49D90
:102B18009C4654F82540013B12F1140F8146059458
:102B28000C910393C0F2A882B749D31E81FB03011D
:102B3800DB17C3EBA10307930133A3EB8303DB008C
:102B4800D318079A0D930CF1FF33D61A059A12EB96
:102B580003081CD408F1010800240025E346DDF829
:102B680094A2B04422AF08E05AF8260001F088F891
:102B780001364645E7E8020108D0002EF4DA20467F
:102B8800294601364645E7E80201F6D1DC46059BB1
:102B9800002BA9F108030493B8BF4FEACC0637DB32
:102BA800DDF80C9003EBCC084B460DF5E47BD946D9
:102BB8009B4622AA02EBCC0A059A4FEACC0662444D
:102BC8000192CDF808C00696039B002BC0F29A81AB
:102BD800574600240025049E77E90223F6E90201FE
:102BE80001F0B8F802460B462046294600F0FCFEE4
:102BF800464504460D46EFD1019B0BF1010B9B4561
:102C0800E9E802450AF1080ADED1DDF808C0069EA7
:102C1800059A049B934603EB060A0EAB03EB82036B
:102C2800043B08930EAB03EB8206CDE909A60D9F82
:102C3800CDF82CC09AAB4FEACB0203EBCB03BBF128
:102C4800000F019253E928452BDD0DF5E47A0DF1CB
:102C580038090AEB0208029700226C4B20462946E5
:102C680001F078F801F010FB01F00AF80022684B37
:102C780006460F4601F06EF802460B4620462946E6
:102C880000F0B0FE01F000FB78E9022349F8040BDC
:102C98003946304600F0A8FED04504460D46DBD143
:102CA800029F204629463A4600F03EFB00224FF09C
:102CB8007F5304460D4601F04DF800F0B1FC0022A8
:102CC800544B01F047F802460B462046294600F0CF
:102CD80089FE0D46044601F0D7FA064600F0D0FFFB
:102CE80002460B462046294600F07CFE002F80460F
:102CF800894640F391800BF1FF300EAB53F820303A
:102D0800C7F1180243FA02F101FA02F29B1A0EAA5D
:102D180042F82030C7F1170243FA02F5002D0E449D
:102D280000F3D880002200234046494601F07AFA91
:102D3800002800F05282059B9B450DDD00220EAB5A
:102D48000A9803EB8B0353F8041D834242EA0102FD
:102D5800F9D1002A40F0D980059B0EAA013B52F810
:102D68002330002B40F0CA800123089A52F8041D32
:102D780001330029FAD05B440BF1010807990B9A3B
:102D880008EB010A0AF1804AA5990AF1FF3A5A4468
:102D9800019E01EB8A0A22A901EBC209DDF824B0E1
:102DA80072AA164402930697CDF804A0019B53F823
:102DB800040F019300F064FF039BE9E80201002B74
:102DC8001DDBCA4600240025049F7AE90223F7E99F
:102DD800020100F0BFFF02460B462046294600F0DC
:102DE80003FE5F4504460D46EFD1029B08F101083A
:102DF8004345E6E90245D9DA9B46069F1AE70024CF
:102E08000025F2E770EF0008ABAAAA2A0000703E7E
:102E1800000070410000204053D10BF1FF330EAA8F
:102E280052F82350ED15002D7FF77CAFBBF1000F52
:102E380006F1010640F3418200220EAB53F8044B21
:102E4800002C3AD0C4F180746FF07F4043F8044CF2
:102E580003E01968411A43F8041B01329345F8DC72
:102E68000124002F0DDD012F3DD0022F09D10BF1D8
:102E7800FF320EAB53F822300EA9C3F3150341F805
:102E88002230022D7FF44EAF42464B4600208F4938
:102E980000F0A8FD80468946002C3FF443AF3A462F
:102EA80000208A4900F040FA02460B46404649464F
:102EB80000F098FD8046894634E701329345BDDC31
:102EC800CFE70022824B01F0CBF9002840F0C28006
:102ED800054627E7BBF1000FD8BF002406F101061D
:102EE800AADC012FC1D10BF1FF320EAB53F822300F
:102EF8000EA9C3F3160341F82230C2E70BF101080B
:102F080043463BE70024002576E60D9B0BF1FF3492
:102F1800A3F118020EAB53F82430069604950D92CF
:102F280063B90BF18043013B0EA901EB830353F80E
:102F3800041D013C183A0029F9D00D9200200D9A81
:102F4800624900F0F1F9002C06460F46C0F2C18133
:102F580004F1010A4FEACA024FF0000893460EAB8B
:102F680003EB8A05DFF86C9172AB03EBCA0A55F8DC
:102F7800040D00F085FE32463B4600F0EBFE4B4662
:102F88006AE9020142463046394600F0E3FE0EABDC
:102F98009D4206460F46EAD15A464FF00009ABF16A
:102FA80008034AA972A800EB030AA3460B46CDE919
:102FB80007425246CA46DDF814900391B9F1000F52
:102FC800C0F281809046002600240025CDE9013218
:102FD800414F01E0564510DCF7E90223F8E8020109
:102FE80000F0B8FE02460B462046294600F0FCFCDD
:102FF8000136B14504460D46ECDADDE901320BF144
:10300800FF3BBBF1FF3FE3E802450AF1010AA2F1E9
:103018000802D3D1DDE90742A49B022B5EDC002B1A
:103028002FDC10D100200021039DAC1874E9022385
:1030380000F0DAFCAC42F9D1049B002B40F0398156
:103048000C9BC3E90001069B03F007000DF51B7DEF
:10305800BDE8F08FBBF1000FC8BF022506F10106DD
:103068003FF7EAAE42464B460020184900F0BAFC4A
:1030780002258046894655E600216FF0170307911F
:103088005EE5039B0026002798469D18304675E9A3
:103098000223394600F0A8FC454506460F46F5D1FF
:1030A8000B460246DDE94A0100F09CFC049B002B1C
:1030B80000F0E2800C9D07F10042C5E90062002C97
:1030C80040F0DE80E8E00024002598E70000F03FAB
:1030D8000000E03F0000703E78EF0008A49B032B3F
:1030E800B1D1002C00F00581039B4FEAC40803EB23
:1030F800C405A946D5E9006701950294059559E9E3
:1031080002453046394622462B4600F06DFCB24651
:10311800BB4606460F4632463B462046294600F047
:1031280061FC5B46524600F05FFCC9E9000169E9B1
:103138000267039B9945E2D1029C059D012C00F092
:10314800D880D5E90045039BDDF8049003F1080B0E
:10315800CDF80480D84659E9026720462946324608
:103168003B4600F041FCA246AB4604460D462246CB
:103178002B463046394600F035FC52465B4600F097
:1031880033FCC9E9000169E90245C845E3D10020DB
:103198000021DDF80480039B08F108041C4403F1B6
:1031A800100574E9022300F01FFCA542F9D1DDE9FE
:1031B8004A56039BD3E90278049B002B46D10C9B0B
:1031C800C3E90401C3E90056C3E90278069B03F08A
:1031D80007000DF51B7DBDE8F08F06960D9E404655
:1031E80049467242049500F09FF800224B4B5F4617
:1031F8008046894601F034F8F8B10022484B404631
:10320800494600F0A7FD01F03FF8054600F038FDFB
:103218000022424B00F09EFD0B46024649464046BE
:1032280000F0E0FB01F030F87C1C0EAB183643F8D8
:103238002B000D9643F8245080E64046494601F09D
:1032480023F80EAB5C4643F82B0077E60C9B2C4624
:1032580006F100455D601D461C6008F10043C5E9A4
:103268000273069B01F10042C5E9040203F007005E
:103278000DF51B7DBDE8F08F0C9BC3E9006774B1A9
:103288000125DDF80C800135F8E9022300F0ACFBDC
:10329800AC42F8DA049B13B101F1004319460C9BC8
:1032A800C3E90201069B03F007000DF51B7DBDE88D
:1032B800F08F01F100431946C2E6022D7FF432ADCA
:1032C80002460B460020174900F08CFB80468946D1
:1032D80028E5A49B022B06DC002B0DDC7FF4B3AEA3
:1032E80000200021A8E6A49B032B7FF4ACAE4AABD8
:1032F8000393002000215AE7049BDDE94A0133B11A
:1033080000224FF000430C9CC4E90023C4E70022CC
:1033180000230C9CC4E90023C1E700BF00007041F2
:103328000000703E0000F03F2DE9F0411646C1F361
:103338000A52074688460B466ABB21F000430343FE
:1033480027D0334B002200F005FD324B07469E4242
:1033580088463CDB0B46C1F30A52363A4CF25031F0
:103368008E4221DC164440F2FE7296421CDC002E8E
:1033780026DC16F1350F31DB23F0FF4121F4E001A3
:10338800363641EA0655002238462946224B00F0D7
:10339800E1FCBDE8F08140F2FF7C6245DED10246E7
:1033A80000F022FBBDE8F081454615A3D3E90023D0
:1033B80063F31E052946194800F0CCFCBDE8F081EE
:1033C8006FF31E53384643EA0651BDE8F0810EA359
:1033D800D3E9002300F0BEFCBDE8F08108F000440A
:1033E80044F0D27141F4B73107A3D3E900230C4864
:1033F80041F01F0100F0AEFCCBE700BFAFF3008047
:103408009C7500883CE4377E59F3F8C21F6EA5010D
:1034180000005043B03CFFFF0000903C9C750088C2
:1034280059F3F8C2000000002DE9F04F83B0CDE950
:10343800002321F00043B3F1795F04460D4604D21E
:1034480000F022FF002800F0858022462B46204607
:10345800294600F07FFC06460F4632463B4620468A
:10346800294600F077FC3EA3D3E9002382468B4629
:103478003046394600F06EFC3BA3D3E9002300F048
:10348800B1FA32463B4600F065FC39A3D3E9002384
:1034980000F0AAFA32463B4600F05CFC36A3D3E9BA
:1034A800002300F09FFA32463B4600F053FC34A359
:1034B800D3E9002300F098FA0C9B804689469BB319
:1034C800DDE900010022324B00F044FC42464B4645
:1034D800804689465046594600F03CFC02460B4659
:1034E8004046494600F07EFA32463B4600F032FC40
:1034F800DDE9002300F076FA23A3D3E9002306468A
:103508000F465046594600F025FC02460B46304609
:10351800394600F069FA02460B462046294600F073
:1035280061FA03B0BDE8F08F02460B4630463946D3
:1035380000F010FC14A3D3E9002300F053FA52461C
:103548005B4600F007FC22462B4600F04DFA03B01C
:10355800BDE8F08F2046294603B0BDE8F08F00BFD4
:103568007CD5CF5A3AD9E53DEB9C2B8AE6E55A3E05
:103578007DFEB157E31DC73ED561C119A0012A3FA1
:10358800A6F810111111813F495555555555C53F9C
:103598000000E03F1F4A21F0004393421BD930B599
:1035A8001D4A87B0934205D902460B4600F01AFA25
:1035B80007B030BD02AAFFF79FF800F0030001280A
:1035C80017D002280BD0E0B9DDE90423DDE90201B8
:1035D80000F0AAF8ECE70022002300F0A5B8DDE926
:1035E8000423DDE9020100F09FF801F1004107B072
:1035F80030BD0090DDE90423DDE90201FFF714FF87
:10360800F3E70124DDE90423DDE902010094FFF773
:103618000BFFCDE7FB21E93FFFFFEF7F0000000034
:10362800C1F30A5C2DE9F041ACF2FF35132D0246D7
:103638000B460C46064632DC002D20DBDFF8E08026
:103648000F4648FA05F801EA080C5CEA000C2BD092
:1036580031A3D3E9002300F0C7F90022002300F0CA
:1036680009FE40B1002C03DA4FF480132B411F44AC
:10367800002627EA080421463046BDE8F08126A343
:10368800D3E9002300F0B0F90022002300F0F2FD96
:103698000028F0D0002C27DB00263446EBE7332D3A
:1036A80006DDB5F5806F1CD010461946BDE8F081DF
:1036B8004FF0FF37ACF2134C27FA0CF70742F3D060
:1036C80015A3D3E9002300F08FF90022002300F0AE
:1036D800D1FD0028CFD0002C33460CDB23EA0706A7
:1036E800C9E700F081F9E1E724F0004426430DD151
:1036F8004FF00044BFE7142D06D00122C5F1340570
:10370800AA401344B342E9D20134E7E70026054C46
:10371800B1E700BFAFF300809C7500883CE4377EBA
:10372800FFFF0F000000F0BF2DE9F04F21F0004827
:10373800B8F1795F06460F4692469B4685B06DD232
:1037480000F0A2FD002800F0ED8032463B463046EE
:10375800394600F0FFFA76A3D3E9002304460D4664
:1037680000F0F8FA74A3D3E9002300F03DF92246EB
:103778002B4600F0EFFA72A3D3E9002300F032F9E8
:1037880022462B4600F0E6FA6FA3D3E9002300F0A7
:103798002BF922462B4600F0DDFA6DA3D3E900236E
:1037A80000F020F922462B4600F0D4FA6AA3D3E9A8
:1037B800002300F019F922462B4600F0CBFACDE998
:1037C8000001002220462946654B00F0C3FADDE9D6
:1037D8000023804689462046294600F0BBFA444625
:1037E8004D468046894652465B463046394600F08B
:1037F800B1FA02460B464046494600F0F3F8024645
:103808000B462046294600F0EDF802460B460020FC
:10381800544900F0E7F805B0BDE8F08F02460B46C2
:1038280000F098FA42A3D3E9002304460D4600F0BD
:1038380091FA41A3D3E9002300F0D6F822462B469B
:1038480000F088FA3EA3D3E9002300F0CBF8224623
:103858002B4600F07FFA3CA3D3E9002300F0C4F81C
:1038680022462B4600F076FA39A3D3E9002300F06C
:10387800B9F822462B4600F06DFA37A3D3E90023A6
:1038880000F0B2F82B46224600F064FA364BCDE938
:103898000001984595D9354B002298453AD8A8F5A6
:1038A800001300202F499046994600F09BF8CDE977
:1038B8000201002220462946294B00F04BFA4246D5
:1038C8004B4600F08FF8DDE9002380468946204604
:1038D800294600F03FFA44464D46804689465246FE
:1038E8005B463046394600F035FA02460B464046FC
:1038F800494600F077F802460B462046294600F074
:1039080071F802460B46DDE9020100F06BF805B0DC
:10391800BDE8F08F164B4FF00008CDE90223DFF821
:103928005490C6E700200F4905B0BDE8F08F00BFEE
:10393800D43888BEE9FAA8BDC4B1B4BD9EEE213E14
:10394800AD529C804F7E923E9015CB19A001FA3E55
:103958007751C1166CC1563F4C5555555555A53F25
:103968000000E03F0000F03F3233D33F0000E93F62
:103978000000E73F0000D23F21F00043194670479E
:103988005822024B4FF0FF301A6070477006002033
:103998005822024B4FF0FF301A6070477006002023
:1039A8005822024B4FF0FF301A6070477006002013
:1039B800044A05491368002B08BF0B4618441060D9
:1039C8001846704774060020E07000205822024B09
:1039D8004FF0FF301A6070477006002081F00041F8
:1039E80002E000BF83F0004330B54FEA41044FEADC
:1039F800430594EA050F08BF90EA020F1FBF54EA77
:103A0800000C55EA020C7FEA645C7FEA655C00F012
:103A1800E2804FEA5454D4EB5555B8BF6D420CDDE3
:103A28002C4480EA020281EA030382EA000083EA66
:103A3800010180EA020281EA0303362D88BF30BD06
:103A480011F0004F4FEA01314FF4801C4CEA11315C
:103A580002D0404261EB410113F0004F4FEA0333BB
:103A68004CEA133302D0524263EB430394EA050F46
:103A780000F0A780A4F10104D5F1200E0DDB02FAB5
:103A88000EFC22FA05F2801841F1000103FA0EF249
:103A9800801843FA05F359410EE0A5F120050EF10F
:103AA800200E012A03FA0EFC28BF4CF0020C43FA40
:103AB80005F3C01851EBE37101F0004507D54FF04D
:103AC800000EDCF1000C7EEB00006EEB0101B1F59D
:103AD800801F1BD3B1F5001F0CD349085FEA3000E3
:103AE8004FEA3C0C04F101044FEA445212F5800FEE
:103AF80080F09A80BCF1004F08BF5FEA500C50F18B
:103B0800000041EB045141EA050130BD5FEA4C0C6D
:103B1800404141EB0101013C28BFB1F5801FE9D2CA
:103B280091F0000F04BF01460020B1FA81F308BFED
:103B38002033A3F10B03B3F120020CDA0C3208DDB9
:103B480002F1140CC2F10C0201FA0CF021FA02F194
:103B58000CE002F11402D8BFC2F1200C01FA02F104
:103B680020FA0CFCDCBF41EA0C019040E41AA2BF29
:103B780001EB0451294330BD6FEA04041F3C1CDAF1
:103B88000C340EDC04F11404C4F1200220FA04F011
:103B980001FA02F340EA030021FA04F345EA0301BB
:103BA80030BDC4F10C04C4F1200220FA02F001FA7D
:103BB80004F340EA0300294630BD21FA04F02946FF
:103BC80030BD94F0000F83F4801306BF81F4801198
:103BD8000134013D4EE77FEA645C18BF7FEA655C0B
:103BE80029D094EA050F08BF90EA020F05D054EADD
:103BF800000C04BF1946104630BD91EA030F1EBFE2
:103C08000021002030BD5FEA545C05D140004941E5
:103C180028BF41F0004130BD14F580043CBF01F5D8
:103C2800801130BD01F0004545F0FE4141F47001BE
:103C38004FF0000030BD7FEA645C1ABF1946104699
:103C48007FEA655C1CBF0B46024650EA013406BF9A
:103C580052EA033591EA030F41F4002130BD00BF59
:103C680090F0000F04BF0021704730B54FF4806416
:103C780004F132044FF000054FF0000150E700BF97
:103C880090F0000F04BF0021704730B54FF48064F6
:103C980004F1320410F0004548BF40424FF00001E3
:103CA8003EE700BF42004FEAE2014FEA31014FEA26
:103CB80002701FBF12F07F4393F07F4F81F0605175
:103CC800704732F07F4208BF704793F07F4F04BFC0
:103CD80041F40021704730B54FF4607401F000459D
:103CE80021F000411CE700BF50EA010208BF7047FD
:103CF80030B54FF000050AE050EA010208BF7047EE
:103D080030B511F0004502D5404261EB41014FF456
:103D1800806404F132045FEA915C3FF4D8AE4FF05E
:103D280003025FEADC0C18BF03325FEADC0C18BF41
:103D3800033202EBDC02C2F1200300FA03FC20FA92
:103D480002F001FA03FE40EA0E0021FA02F11444DF
:103D5800BDE600BF70B54FF0FF0C4CF4E06C1CEAF8
:103D680011541DBF1CEA135594EA0C0F95EA0C0F69
:103D780000F0DEF82C4481EA030621EA4C5123EADC
:103D88004C5350EA013518BF52EA033541F480110B
:103D980043F4801338D0A0FB02CE4FF00005E1FBBE
:103DA80002E506F00042E0FB03E54FF00006E1FB08
:103DB80003569CF0000F18BF4EF0010EA4F1FF044B
:103DC800B6F5007F64F5407404D25FEA4E0E6D418B
:103DD80046EB060642EAC62141EA55514FEAC5209C
:103DE80040EA5E504FEACE2EB4F1FD0C88BFBCF518
:103DF800E06F1ED8BEF1004F08BF5FEA500E50F1C9
:103E0800000041EB045170BD06F0004646EA01018E
:103E180040EA020081EA0301B4EB5C04C2BFD4EBC0
:103E28000C0541EA045170BD41F480114FF0000EB9
:103E3800013C00F3AB8014F1360FDEBF002001F027
:103E4800004170BDC4F10004203C35DA0C341BDCA1
:103E580004F11404C4F1200500FA05F320FA04F073
:103E680001FA05F240EA020001F0004221F00041A7
:103E780010EBD37021FA04F642EB06015EEA430E1A
:103E880008BF20EAD37070BDC4F10C04C4F120054A
:103E980000FA04F320FA05F001FA04F240EA0200FD
:103EA80001F0004110EBD37041F100015EEA430ECE
:103EB80008BF20EAD37070BDC4F1200500FA05F2EE
:103EC8004EEA020E20FA04F301FA05F243EA02036D
:103ED80021FA04F001F0004121FA04F220EA02007C
:103EE80000EBD3705EEA430E08BF20EAD37070BDC2
:103EF80094F0000F0FD101F00046400041EB0101A2
:103F080011F4801F08BF013CF7D041EA060195F083
:103F1800000F18BF704703F00046520043EB03033D
:103F280013F4801F08BF013DF7D043EA060370472A
:103F380094EA0C0F0CEA135518BF95EA0C0F0CD035
:103F480050EA410618BF52EA4306D1D181EA03017B
:103F580001F000414FF0000070BD50EA410606BF75
:103F68001046194652EA430619D094EA0C0F02D1BA
:103F780050EA013613D195EA0C0F05D152EA0336FF
:103F88001CBF104619460AD181EA030101F000411D
:103F980041F0FE4141F470014FF0000070BD41F066
:103FA800FE4141F4780170BD70B54FF0FF0C4CF440
:103FB800E06C1CEA11541DBF1CEA135594EA0C0F5F
:103FC80095EA0C0F00F0A7F8A4EB050481EA030EAC
:103FD80052EA03354FEA013100F088804FEA033393
:103FE8004FF0805545EA131343EA12634FEA022261
:103FF80045EA111545EA10654FEA00260EF0004122
:104008009D4208BF964244F1FD0404F5407402D273
:104018005B084FEA3202B61A65EB03055B084FEA04
:1040280032024FF480104FF4002CB6EB020E75EB01
:10403800030E22BFB61A754640EA0C005B084FEA29
:104048003202B6EB020E75EB030E22BFB61A7546A6
:1040580040EA5C005B084FEA3202B6EB020E75EBF1
:10406800030E22BFB61A754640EA9C005B084FEA69
:104078003202B6EB020E75EB030E22BFB61A754676
:1040880040EADC0055EA060E18D04FEA051545EA65
:1040980016754FEA06164FEAC30343EA52734FEA0E
:1040A800C2025FEA1C1CC0D111F4801F0BD141EA87
:1040B80000014FF000004FF0004CB6E711F4801FEC
:1040C80004BF01430020B4F1FD0C88BFBCF5E06FCC
:1040D8003FF6AFAEB5EB030C04BFB6EB020C5FEADC
:1040E800500C50F1000041EB045170BD0EF0004E31
:1040F8004EEA113114EB5C04C2BFD4EB0C0541EA63
:10410800045170BD41F480114FF0000E013C90E65F
:1041180045EA060E8DE60CEA135594EA0C0F08BF23
:1041280095EA0C0F3FF43BAF94EA0C0F0AD150EA22
:1041380001347FF434AF95EA0C0F7FF425AF1046B5
:1041480019462CE795EA0C0F06D152EA03353FF4DD
:10415800FDAE1046194622E750EA410618BF52EA5A
:1041680043067FF4C5AE50EA41047FF40DAF52EA2E
:1041780043057FF4EBAE12E74FF0FF3C06E000BFCB
:104188004FF0010C02E000BF4FF0010C4DF804CDD8
:104198004FEA410C7FEA6C5C4FEA430C18BF7FEA98
:1041A8006C5C1BD001B050EA410C0CBF52EA430CC6
:1041B80091EA030F02BF90EA020F0020704710F146
:1041C800000F91EA030F58BF994208BF90422CBFD5
:1041D800D8176FEAE37040F0010070474FEA410CCE
:1041E8007FEA6C5C02D150EA013C07D14FEA430CEC
:1041F8007FEA6C5CD6D152EA033CD3D05DF8040B5D
:10420800704700BF8446104662468C46194663468E
:1042180000E000BF01B5FFF7B7FF002848BF10F165
:10422800000F01BD4DF808EDFFF7F4FF0CBF0120AA
:1042380000205DF808FB00BF4DF808EDFFF7EAFF26
:1042480034BF012000205DF808FB00BF4DF808EDE1
:10425800FFF7E0FF94BF012000205DF808FB00BFD6
:104268004DF808EDFFF7CEFF94BF012000205DF860
:1042780008FB00BF4DF808EDFFF7C4FF34BF01206D
:1042880000205DF808FB00BF4FEA410212F500125A
:1042980015D211D56FF47873B3EB625212D94FEA85
:1042A800C12343F0004343EA505311F0004F23FA6F
:1042B80002F018BF404270474FF00000704750EAC4
:1042C800013005D111F0004008BF6FF00040704781
:1042D8004FF00000704700BF4FEA4102B2F1E043DF
:1042E80024BFB3F5001CDCF1FE5C0DD901F0004CD5
:1042F8004FEAC0024CEA5070B2F1004F40EB830025
:1043080008BF20F00100704711F0804F21D113F150
:104318003872BCBF01F00040704741F480114FEA89
:104328005252C2F11802C2F1200C10FA0CF320FA12
:1043380002F018BF40F001004FEAC1234FEAD3232F
:1043480003FA0CFC40EA0C0023FA02F34FEA430399
:10435800CCE77FEA625307D150EA01331EBF4FF022
:10436800FE4040F44000704701F0004040F0FE403D
:1043780040F40000704700BF80F0004002E000BF3A
:1043880081F0004142001FBF5FEA410392EA030F38
:104398007FEA226C7FEA236C6AD04FEA1262D2EB82
:1043A8001363C1BFD218414048404140B8BF5B4287
:1043B800192B88BF704710F0004F40F4000020F020
:1043C8007F4018BF404211F0004F41F4000121F036
:1043D8007F4118BF494292EA030F3FD0A2F1010280
:1043E80041FA03FC10EB0C00C3F1200301FA03F1BE
:1043F80000F0004302D5494260EB4000B0F5000FE1
:1044080013D3B0F1807F06D340084FEA310102F19F
:104418000102FE2A51D2B1F1004F40EBC25008BF51
:1044280020F0010040EA03007047490040EB00001B
:10443800013A28BFB0F5000FEDD2B0FA80FCACF11C
:10444800080CB2EB0C0200FA0CF0AABF00EBC25049
:1044580052421843BCBFD0401843704792F0000F37
:1044680081F4000106BF80F400000132013BB5E78A
:104478004FEA41037FEA226C18BF7FEA236C21D000
:1044880092EA030F04D092F0000F08BF0846704765
:1044980090EA010F1CBF0020704712F07F4F04D133
:1044A800400028BF40F00040704712F100723CBF46
:1044B80000F50000704700F0004343F0FE4040F470
:1044C800000070477FEA226216BF08467FEA23632E
:1044D8000146420206BF5FEA412390EA010F40F419
:1044E800800070474FF0000304E000BF10F0004365
:1044F80048BF40425FEA000C08BF704743F096434C
:1045080001464FF000001CE050EA010208BF704766
:104518004FF000030AE000BF50EA010208BF7047ED
:1045280011F0004302D5404261EB41015FEA010C02
:1045380002BF84460146002043F0B64308BFA3F1FA
:104548008053A3F50003BCFA8CF2083AA3EBC253DC
:1045580010DB01FA02FC634400FA02FCC2F12002FB
:10456800BCF1004F20FA02F243EB020008BF20F032
:104578000100704702F1200201FA02FCC2F1200298
:1045880050EA4C0021FA02F243EB020008BF20EA8D
:10459800DC7070474FF0FF0C1CEAD0521EBF1CEABB
:1045A800D15392EA0C0F93EA0C0F6FD01A4480EAA9
:1045B800010C400218BF5FEA41211ED04FF0006392
:1045C80043EA501043EA5111A0FB01310CF00040BE
:1045D800B1F5000F3EBF490041EAD3715B0040EAE4
:1045E800010062F17F02FD2A1DD8B3F1004F40EBB4
:1045F800C25008BF20F00100704790F0000F0CF087
:10460800004C08BF49024CEA502040EA51207F3A4A
:10461800C2BFD2F1FF0340EAC250704740F4000025
:104628004FF00003013A5DDC12F1190FDCBF00F016
:1046380000407047C2F10002410021FA02F1C2F1C4
:10464800200200FA02FC5FEA310040F1000053EA60
:104658004C0308BF20EADC70704792F0000F00F0AE
:10466800004C02BF400010F4000F013AF9D040EAB4
:104678000C0093F0000F01F0004C02BF490011F448
:10468800000F013BF9D041EA0C018FE70CEAD15346
:1046980092EA0C0F18BF93EA0C0F0AD030F0004CC6
:1046A80018BF31F0004CD8D180EA010000F000407A
:1046B800704790F0000F17BF90F0004F084691F038
:1046C800000F91F0004F14D092EA0C0F01D1420272
:1046D8000FD193EA0C0F03D14B0218BF084608D13B
:1046E80080EA010000F0004040F0FE4040F4000085
:1046F800704740F0FE4040F4400070474FF0FF0C18
:104708001CEAD0521EBF1CEAD15392EA0C0F93EA5E
:104718000C0F69D0A2EB030280EA010C49024FEAB0
:10472800402037D04FF0805343EA111143EA101369
:104738000CF000408B4238BF5B0042F17D024FF421
:10474800000C8B4224BF5B1A40EA0C00B3EB510FFC
:1047580024BFA3EB510340EA5C00B3EB910F24BFE5
:10476800A3EB910340EA9C00B3EBD10F24BFA3EB6A
:10477800D10340EADC001B0118BF5FEA1C1CE0D132
:10478800FD2A3FF650AF8B4240EBC25008BF20F0E5
:10479800010070470CF0004C4CEA50207F32C2BF39
:1047A800D2F1FF0340EAC250704740F400004FF0D6
:1047B8000003013A37E792F0000F00F0004C02BF07
:1047C800400010F4000F013AF9D040EA0C0093F0D1
:1047D800000F01F0004C02BF490011F4000F013B2B
:1047E800F9D041EA0C0195E70CEAD15392EA0C0F93
:1047F80008D142027FF47DAF93EA0C0F7FF470AFCB
:10480800084676E793EA0C0F04D14B023FF44CAF0D
:1048180008466EE730F0004C18BF31F0004CCAD1A2
:1048280030F000427FF45CAF31F000437FF43CAFDE
:104838005FE700BF4FF0FF3C06E000BF4FF0010C00
:1048480002E000BF4FF0010C4DF804CD4FEA4002E2
:104858004FEA41037FEA226C18BF7FEA236C11D02C
:1048680001B052EA530C18BF90EA010F58BFB2EBDF
:10487800030088BFC81738BF6FEAE17018BF40F05F
:10488800010070477FEA226C02D15FEA402C05D113
:104898007FEA236CE4D15FEA412CE1D05DF8040B98
:1048A800704700BF844608466146FFE70FB5FFF72B
:1048B800C9FF002848BF10F1000F0FBD4DF808EDE3
:1048C800FFF7F4FF0CBF012000205DF808FB00BFD4
:1048D8004DF808EDFFF7EAFF34BF012000205DF82E
:1048E80008FB00BF4DF808EDFFF7E0FF94BF01207B
:1048F80000205DF808FB00BF4DF808EDFFF7D2FF78
:1049080094BF012000205DF808FB00BF4DF808EDBA
:10491800FFF7C8FF34BF012000205DF808FB00BF87
:104928004FEA4002B2F1FE4F0FD34FF09E03B3EBB4
:1049380012620DD94FEA002343F0004310F0004FF4
:1049480023FA02F018BF404270474FF0000070474A
:1049580012F1610F01D1420205D110F0004008BFE9
:104968006FF0004070474FF00000704753B94AB9E4
:10497800002908BF00281CBF4FF0FF314FF0FF305F
:1049880000F066B9ADF1080C6DE904CE00F006F848
:10499800DDF804E0DDE9022304B070472DE9F047B3
:1049A800089D0E4604468E46002B4CD18A429446FA
:1049B800B2FA82F362D953B102FA03FCC3F12002BE
:1049C80001FA03FE20FA02F242EA0E0E9C404FEA78
:1049D8001C47BEFBF7F11FFA8CF607FB11EE01FB33
:1049E80006F0220C42EA0E4290420AD91CEB02025F
:1049F80001F1FF3E80F00E81904240F20B810239B6
:104A08006244121AB2FBF7F007FB102200FB06F60D
:104A1800A4B244EA0244A6420AD91CEB040400F1F9
:104A2800FF3280F0F980A64240F2F68064440238F2
:104A380040EA01400021A41B1DB1DC400023C5E968
:104A48000043BDE8F0878B4205D90DB1C5E90001E7
:104A580000210846F5E7B3FA83F1002942D1B342B1
:104A680002D3824200F2EE80841A66EB0302012030
:104A78009646002DE5D0C5E9004EE2E7002B40F050
:104A88008C80881A0121170C96B2B0FBF7FE07FB41
:104A98001E00220C42EA004206FB0EF0904208D9A2
:104AA8001CEB02020EF1FF3802D2904200F2CC80D9
:104AB800C646121AB2FBF7F007FB102200FB06F6F7
:104AC800A4B244EA0244A64208D91CEB040400F14B
:104AD800FF3202D2A64200F2B2801046A41B40EA7E
:104AE8000E40A9E7C1F120078B4022FA07FC4CEAE7
:104AF800030C26FA07FA4FEA1C48BAFBF8FE06FA36
:104B080001F308FB1EAA1FFA8CF620FA07F400FA34
:104B180001F90EFB06F023431C0C44EA0A44A042A8
:104B280002FA01F20BD91CEB04040EF1FF3A80F0F3
:104B38008480A04240F28180AEF1020E6444241ABF
:104B480098B2B4FBF8F308FB134403FB06F640EAFB
:104B58000444A64208D91CEB040403F1FF3068D2D0
:104B6800A64266D9023B644443EA0E40A41BA0FB5C
:104B780002E6B4427346B04652D34FD05DB1B9EBAA
:104B8800030264EB080404FA07F722FA01F31F434F
:104B9800CC40C5E90074002153E702FA03FCC3F1D5
:104BA8002000C1404FEA1C47B1FBF7FE07FB1E116E
:104BB80024FA00F09E403043020C1FFA8CF642EAB9
:104BC80001420EFB06F1914204FA03F409D91CEBE9
:104BD80002020EF1FF382ED291422CD9AEF1020E0C
:104BE8006244521AB2FBF7F107FB112280B240EA85
:104BF800024001FB06F2824208D91CEB000001F1D9
:104C0800FF3814D2824212D902396044801A41EA2C
:104C18000E413AE77146F4E6104609E7F145ADD290
:104C2800BEEB020366EB0C060138B046A6E7414628
:104C3800ECE7034698E7C646D3E7D6467FE76444E1
:104C480002384BE7084614E7AEF1020E624430E73B
:104C5800704700BF044B0022DA61044A136943F02D
:104C6800010313610180704798170020002002405B
:104C7800194BDB6813F0100305D0184AD36943F0C9
:104C88000203D3611023144AD26812F0040F06D02D
:104C98001249CA6942F00102CA6143F004030E4A8C
:104CA800D26912F0010F09D00C49CA6942F0040216
:104CB800CA610949CA6922F00102CA6140F20112B7
:104CC800934202D0044AD3607047034AD36923F061
:104CD8000103D361704700BF0020024098170020ED
:104CE800074B1B6913F0800F07D0054B054A5A6024
:104CF80002F188325A60002070470120704700BFD7
:104D08000020024023016745034A136943F08003EA
:104D180013610020704700BF0020024038B50446E8
:104D280001F0D6F90546164BDB6813F0010F0AD0DF
:104D3800B4F1FF3FF7D024B101F0CAF9401BA042FB
:104D4800F1D903201BE00E4BDB6813F0200F02D0D3
:104D58000B4B2022DA600A4BDB6813F0100F0BD1E3
:104D6800074BDB6913F0010F06D1054BDB6813F025
:104D7800040F01D1002002E0FFF77AFF012038BDBF
:104D8800002002402DE9F8431E46244B1B7E012BD0
:104D980041D004460F469046204B01221A764CF229
:104DA8005030FFF7BBFF034678BB012C08D0022C1C
:104DB80003D04FF004091C4607E04FF00209FAE758
:104DC8004FF00109F7E70134E4B24C451DD2210147
:104DD800C1F12002A1F1200328FA01F106FA02F23A
:104DE800114326FA03F3194389B207EB4400FFF78E
:104DF80031FF4CF25030FFF791FF094B1D6925F048
:104E080001051D6103460028DDD0044A0021117602
:104E18001846BDE8F8830223FAE700BF9817002078
:104E28000020024082B0084B1B68084AA2FB0323FB
:104E38005B0A00FB03F3019300BF019B5A1E01921A
:104E4800002BF9D102B070475C000020D34D6210EE
:104E580070B582B00446036813F0010F2CD09A4B4A
:104E68005B6803F00C03042B1DD0974B5B6803F0C1
:104E78000C03082B12D06368B3F5803F41D0002B98
:104E880055D103F1804303F504331A6822F48032C4
:104E98001A601A6822F480221A6037E08A4B5B682D
:104EA80013F4803FE7D0884B1B6813F4003F03D00E
:104EB8006368002B00F0AE81236813F0020F75D0F1
:104EC800814B5B6813F00C0F5FD07F4B5B6803F07E
:104ED8000C03082B54D02369002B00F08A807B4BED
:104EE80001221A6001F0F4F80546774B1B6813F0AD
:104EF800020F75D101F0ECF8401B0228F5D9032008
:104F08008DE1714A136843F480331360636843B3D7
:104F180001F0DEF805466C4B1B6813F4003FCBD15B
:104F280001F0D6F8401B6428F5D9032077E1B3F5E2
:104F3800A02F09D0644B1A6822F480321A601A68CC
:104F480022F480221A60E1E703F18043A3F53C33A1
:104F58001A6842F480221A601A6842F480321A6091
:104F6800D4E701F0B5F80546574B1B6813F4003F2A
:104F7800A2D001F0ADF8401B6428F5D903204EE11A
:104F8800514B5B6813F4803FA5D14F4B1B6813F05E
:104F9800020F03D02369012B40F03E814A4A13686F
:104FA80023F0F803616943EAC1031360236813F02F
:104FB800080F33D0A369002B5CD0444B0122C3F8FF
:104FC800802401F085F805463F4B5B6A13F0020F19
:104FD80021D101F07DF8401B0228F5D903201EE1FC
:104FE800394A136823F0F803616943EAC10313607F
:104FF800DCE7364B00221A6001F06AF80546324BAE
:105008001B6813F0020FD1D001F062F8401B022890
:10501800F5D9032003E10120FFF704FF236813F00B
:10502800040F00F09780284BDB6913F0805F34D1C0
:10503800254BDA6942F08052DA61DB6903F080536C
:105048000193019B0125224B1B6813F4807F26D016
:10505800E368012B3ED0002B54D103F1804303F5C4
:1050680004331A6A22F001021A621A6A22F0040250
:105078001A6234E0154B0022C3F8802401F028F8A6
:105088000546114B5B6A13F0020FC7D001F020F8F8
:10509800401B0228F5D90320C1E00025D3E70C4ABC
:1050A800136843F48073136001F012F80646084B46
:1050B8001B6813F4807FCBD101F00AF8801B6428A9
:1050C800F5D90320ABE000BF0010024000004242C7
:1050D80000700040544A136A43F001031362E36806
:1050E80033B300F0F5FF06464F4B1B6A13F0020F6F
:1050F8002FD100F0EDFF801B41F288339842F3D99D
:1051080003208CE0052B09D0474B1A6A22F00102D4
:105118001A621A6A22F004021A62E0E7424B1A6A1B
:1051280042F004021A621A6A42F001021A62D6E7D1
:1051380000F0CEFF06463C4B1B6A13F0020F08D066
:1051480000F0C6FF801B41F288339842F3D9032050
:1051580065E0E5B9E369002B60D0334A526802F094
:105168000C02082A5DD0022B17D0304B00221A6699
:1051780000F0AEFF04462C4B1B6813F0007F47D0AD
:1051880000F0A6FF001B0228F5D9032047E0264AB5
:10519800D36923F08053D361DCE7244B00221A66DD
:1051A80000F096FF0546204B1B6813F0007F06D0E1
:1051B80000F08EFF401B0228F5D903202FE0236A58
:1051C800B3F5803F1AD018494B6823F47413226A48
:1051D800606A024313434B60144B01221A6600F0C5
:1051E80077FF0446104B1B6813F0007F0ED100F0C8
:1051F8006FFF001B0228F5D9032010E00A4A536804
:1052080023F40033A1680B435360DCE7002006E079
:10521800002004E0012002E0012000E0002002B0AC
:1052280070BD0120FBE700BF0010024000004242B1
:1052380086B0174B0FCB0DF1180C0CE90F0040F29C
:105248000123ADF80430134B5B6803F00C02082A05
:1052580002D0114806B07047C3F3834218326A443B
:1052680012F8100C13F4803F0DD00A4B5B68C3F39F
:10527800404318336B4413F8142C074BB3FBF2F379
:1052880003FB00F0E6E7054B03FB00F0E2E700BF95
:10529800C0EF00080010024000127A0000093D002B
:1052A80070B504460D46594B1B6803F007038B4243
:1052B8000BD2564A136823F007030B431360136895
:1052C80003F007038B4240F09A80236813F0020F23
:1052D80006D04F4A536823F0F003A1680B4353608C
:1052E800236813F0010F52D06368012B23D0022BDF
:1052F80028D0474A126812F0020F00F08280444911
:105308004A6822F0030213434B6000F0E1FE0646B0
:105318006368012B1DD0022B2AD03D4B5B6813F02C
:105328000C0F34D000F0D4FE831B41F28832934234
:10533800F3D9032062E0364A126812F4003FDED146
:1053480001205BE0324A126812F0007FD7D10120B9
:1053580054E02F4B5B6803F00C03042B17D000F0CC
:10536800B7FE831B41F288329342F2D9032045E00D
:10537800274B5B6803F00C03082B08D000F0A8FE4D
:10538800801B41F288339842F2D9032036E01F4B44
:105398001B6803F00703AB420AD91C4A136823F0C1
:1053A80007032B431360136803F00703AB422AD1AA
:1053B800236813F0040F06D0154A536823F4E063FA
:1053C800E1680B435360236813F0080F07D0104AB5
:1053D800536823F46053216943EAC1035360FFF71C
:1053E80027FF0B4B5B68C3F303130A4AD35CD8400F
:1053F800094B1860002000F03BFE002070BD012022
:10540800FCE70120FAE70120F8E700BF002002408E
:10541800001002402C0001085C000020014B1868B5
:10542800704700BF5C00002008B5FFF7F7FF044B8A
:105438005B68C3F30223034AD35CD84008BD00BFAE
:10544800001002402400010808B5FFF7E7FF044BED
:105458005B68C3F3C223034AD35CD84008BD00BFCE
:10546800001002402400010830B4036A23F001034D
:105478000362036A4268846924F0730C0C6844EA86
:105488000C0423F0020C8B6843EA0C03114DA8426C
:1054980003D005F50065A84205D123F00803CD68BF
:1054A8002B4323F004030B4DA84203D005F50065F8
:1054B800A84207D122F440724D6945EA020C8A6974
:1054C80042EA0C02426084614A684263036230BC6B
:1054D800704700BF002C014030B4036A23F4807386
:1054E8000362036A4268C46924F0730C0C6844EAD6
:1054F8000C0523F400738C6843EA0423114CA04282
:1055080003D004F50064A04206D123F40063CC68FC
:1055180043EA042323F480630A4CA04203D004F531
:105528000064A04207D122F440524C6942EA0412B6
:105538008C6942EA04124260C5614A68C263036228
:1055480030BC7047002C014030B4036A23F4805308
:105558000362036A4468C26922F4E6420D6842EABB
:10556800052223F400538D6843EA0533094DA84208
:1055780003D005F50065A84204D124F480444D69A0
:1055880044EA85144460C2614A680264036230BC1C
:10559800704700BF002C014010B4036A046A24F06D
:1055A80001040462846924F0F00C4CEA021223F02E
:1055B8000A030B438261036210BC704710B4036A8C
:1055C80023F0100303628469036A24F4704C4CEAE4
:1055D800023223F0A00343EA01138261036210BC84
:1055E800704710B4846824F47F4C42EA03220A43CB
:1055F80042EA0C02826010BC704710B50468A268C9
:1056080022F070024B68134323F007030A681A4319
:10561800A2604B68602B24D009D8402B10D0502BA7
:105628000DD10A6989680068FFF7B6FF07E0702B9B
:1056380005D10B698A68C9680068FFF7D2FF10BDF9
:1056480003681C6A1A6A22F001021A6202689369E6
:1056580023F0F003096943EA0113936103681C62AC
:10566800EDE70A6989680068FFF7A8FFE7E7704770
:10567800022380F83D300268136843F00103136089
:10568800012380F83D3000207047704738B590F806
:105698003C30012B18D00446012580F83C500223E9
:1056A80080F83D30FFF7A9FF2268D36823F0400354
:1056B800D3602268D36823F48043D36084F83D50D4
:1056C800002084F83C0038BD0220FCE70368244A27
:1056D800904212D002F5006290420ED0B0F1804F95
:1056E8000BD0A2F59832904207D002F58062904222
:1056F80003D002F58062904203D123F070034A6818
:105708001343174A904212D002F5006290420ED01D
:10571800B0F1804F0BD0A2F59832904207D002F535
:105728008062904203D002F58062904203D123F454
:105738004073CA68134323F080034A691A4302601E
:105748008B68C3620B688362054B984203D003F5EC
:105758000063984201D10B690363012343617047D9
:10576800002C0140B0B110B5044690F83D3063B14B
:10577800022384F83D30214651F8040BFFF7A6FFB9
:10578800012384F83D30002010BD80F83C30FFF73D
:105798006EFFEDE701207047B0B110B5044690F8F0
:1057A8003D3063B1022384F83D30214651F8040BA3
:1057B800FFF78CFF012384F83D30002010BD80F8EE
:1057C8003C30FFF762FFEDE70120704730B4036A11
:1057D80023F010030362036A4468826922F4E642F4
:1057E8000D6842EA052223F020038D6843EA051379
:1057F800114DA84203D005F50065A84206D123F053
:105808008003CD6843EA051323F040030A4DA842FC
:1058180003D005F50065A84207D124F440644D691A
:1058280044EA85048D6944EA8504446082614A68D3
:105838008263036230BC7047002C014038B590F891
:105848003C30012B66D004460D46012380F83C30DD
:10585800022380F83D300C2A1AD8DFE802F0071935
:105868001919201919193419191947000068FFF76F
:10587800FBFD2268936943F00803936122689369EA
:1058880023F0040393612268936929690B439361A8
:10589800012384F83D30002084F83C0038BD0068BE
:1058A800FFF794FF2268936943F4006393612268C9
:1058B800936923F48063936122689369296943EAB1
:1058C80001239361E4E70068FFF706FE2268D369C5
:1058D80043F00803D3612268D36923F00403D3613A
:1058E8002268D36929690B43D361D1E70068FFF7C0
:1058F8002BFE2268D36943F40063D3612268D3691D
:1059080023F48063D3612268D369296943EA0123B8
:10591800D361BDE70220C1E74FF0010C0CFA01FC8E
:10592800036A23EA0C030362036A8A40134303628F
:105938007047000010B5044601220068FFF7ECFF2D
:105948002368094A934203D002F50062934203D1C7
:105958005A6C42F400425A642268136843F0010307
:105968001360002010BD00BF002C01404FF0040C54
:105978000CFA01FC036A23EA0C030362036A8A40F7
:1059880013430362704710B5044604220068FFF70A
:10599800EDFF2268536C43F4004353642268136894
:1059A80043F001031360002010BD024690F83C301C
:1059B800012B21D0012380F83C30CB6823F44073BD
:1059C8008868034323F480634868034323F400632F
:1059D8000868034323F480530869034323F40053FE
:1059E80048690343896923F440430B4311684B64B6
:1059F800002082F83C0070470220704790F83C2055
:105A0800012A22D030B40346012083F83C00022248
:105A180083F83D201C68626822F0700262601C688E
:105A280062680D682A4362601C68A26822F08002DE
:105A3800A2601C68A26849680A43A26083F83D0016
:105A4800002083F83C0030BC7047022070470000FB
:105A580090F82420012A25D08CB00346012280F832
:105A68002420114A00920268906810F0010F07D1B3
:105A78000D48806810F0010F02D10C48824209D00D
:105A88009A6A42F020029A620120002283F82420B8
:105A98000CB07047506820F47020096801435160C9
:105AA8000020F2E70220704700280140002401404E
:105AB800002808DB0901C9B200F1604000F5614027
:105AC80080F80013704700F00F000901C9B2014BBC
:105AD8001954704714ED00E000B500F00700C0F15C
:105AE800070CBCF1040F28BF4FF0040C031D062B54
:105AF8000FD9C31E4FF0FF3E0EFA0CF021EA000149
:105B080099400EFA03FE22EA0E0241EA02005DF80D
:105B180004FB0023EEE70000BFF34F8F0549CA6876
:105B280002F4E062044B1343CB60BFF34F8F00BF16
:105B3800FDE700BF00ED00E00400FA05074AD3685E
:105B480023F4E0631B041B0C000200F4E060034331
:105B580043F0BF6343F40033D360704700ED00E0C7
:105B680010B50446054BD868C0F30220FFF7B4FF10
:105B780001462046FFF79CFF10BD00BF00ED00E086
:105B880000F01F02400901239340024A42F82030E6
:105B9800704700BF00E100E000F01F024009012348
:105BA80093402030014A42F82030704700E100E07D
:105BB80008B5FFF7B1FF00000138B0F1807F0BD2C4
:105BC8004FF0E0235861054AF02182F823100020A5
:105BD800986107221A6170470120704700ED00E0C4
:105BE800042806D04FF0E022136923F00403136160
:105BF80070474FF0E022136943F0040313617047C4
:105C0800704708B5FFF7FCFF08BD0000064B0022EF
:105C1800DA61064B1A6942F004021A611A6942F005
:105C280040021A61704700BF981700200020024008
:105C3800064B0022DA61064B1A6942F002021A6129
:105C480058611A6942F040021A617047981700209B
:105C580000200240264B1B7E012B46D070B505461E
:105C68000E46234B01221A760368022B20D04CF2F1
:105C78005030FFF753F890BB4FF0FF333360AC68F8
:105C88000121EA68AB6803EBC223A34228D9204666
:105C9800FFF7CEFF4CF25030FFF740F8154A136972
:105CA80023F0020313610146B8B904F50064E8E77C
:105CB8004CF25030FFF732F808B1012110E0012012
:105CC800FFF7A4FF4CF25030FFF728F80146094AC5
:105CD800136923F00403136102E0346000E001213A
:105CE800034B00221A76084670BD02210846704709
:105CF800981700200020024070B582B00024A44606
:105D0800ABE0854DAA420CD013D8A5F58015AA4260
:105D180007D005F57025AA4203D0A5F58015AA423B
:105D280010D18A68002A62D0012A5BD04361082416
:105D380008E07A4DAA42F4D005F58035AA4201D18F
:105D4800EFE7CC68BEF1FF0F53D806464FEA8C0246
:105D580033680F25954023EA050304FA02F213433A
:105D680033604B6813F0805F75D06D4B9A6942F0D1
:105D780001029A619B6903F001030193019B4FEAB9
:105D88009C02951C674B53F825600CF00305AD0089
:105D98000F23AB4026EA0306634B984230D003F545
:105DA8008063984200F0968003F58063984200F083
:105DB800938003F58063984200F0908003F5806338
:105DC800984200F08D8003F58063984216D0062330
:105DD80017E0CC680434B5E7CC680834B2E7CC687F
:105DE8000C34AFE703610824ACE70024AAE70424D5
:105DF800A8E7061DACF108029200A9E7052300E018
:105E08000023AB4033430232464D45F822304B68FD
:105E180013F4803F66D0454A136843EA0E031360C3
:105E28004B6813F4003F63D0404A536843EA0E03BB
:105E380053604B6813F4801F60D03C4A936843EA70
:105E48000E0393604B6813F4001F5DD0374AD36884
:105E580043EA0E03D3600CF1010CBCF10F0F59D8C3
:105E6800012303FA0CF30A6802EA030E33EA02027A
:105E7800F1D14A68122A3FF644AF122A3FF662AFC0
:105E880001A555F822F000BF2B5D00084B5D000806
:105E9800E15D0008F35D00084D5D00084D5D0008F8
:105EA8004D5D00084D5D00084D5D00084D5D000822
:105EB8004D5D00084D5D00084D5D00084D5D000812
:105EC8004D5D00084D5D00084D5D0008DB5D000874
:105ED800E75D0008012394E7022392E7032390E794
:105EE80004238EE7114A136823EA0E03136097E729
:105EF8000E4A536823EA0E0353609AE70B4A9368E5
:105F080023EA0E0393609DE7084AD36823EA0E0349
:105F1800D360A0E702B070BD00002210000031106D
:105F28000010024000000140000801400004014048
:105F38008368194201D001207047002070470AB1D8
:105F480001617047090401617047C3685940C16025
:105F58007047000070B582B00446036813F0010F63
:105F680036D03F4BDB6913F0805F49D13C4BDA698F
:105F780042F08052DA61DB6903F080530193019BA0
:105F88000125384B1B6813F4807F3BD0344B1B6AC8
:105F980013F4407313D0626802F440729A420ED030
:105FA8002F4A136A23F440702F490126C1F8406430
:105FB8000026C1F84064106213F0010F36D1284A58
:105FC800136A23F4407361680B431362002D3ED1BA
:105FD800236813F0020F06D0214A536823F4404384
:105FE800A1680B435360236813F0100F34D01C4A88
:105FF800536823F4800361690B43536000202CE04D
:106008000025BEE7174A136843F48073136000F055
:106018005FF80646134B1B6813F4807FB6D100F077
:1060280057F8801B6428F5D9032016E000F050F8D3
:1060380006460B4B1B6A13F0020FC0D100F048F85C
:10604800801B41F288339842F3D9032005E0D369D5
:1060580023F08053D361BBE7002002B070BD00BFBE
:1060680000100240007000400000424270470000EB
:1060780010B50446074B1868074BA3FB003080098E
:10608800FFF79AFD002221464FF0FF30FFF768FD29
:10609800002010BD5C000020D34D621008B5074AEF
:1060A800136843F0100313600320FFF747FD002037
:1060B800FFF7DEFFFFF7DAFF002008BD00200240EF
:1060C800024A136801331360704700BFB8170020F5
:1060D800014B1868704700BFB817002030B583B06F
:1060E8000190FFF7F5FF0546019CB4F1FF3F00D092
:1060F8000134FFF7EDFF401BA042FAD303B030BDD7
:106108007047000030B482B00022019290F8242039
:10611800012A00F08F800346012280F824204A6873
:10612800062A2DD80468606B02EB8202053A4FF00C
:106138001F0C0CFA02FC20EA0C000D6805FA02F2AA
:10614800024362630A68092A38D91C68E06802EBCE
:1061580042021E3A4FF0070C0CFA02FC20EA0C002F
:106168008D6805FA02F20243E2600A68103A012AD1
:1061780034D90020002283F8242002B030BC7047B4
:106188000C2A0DD80568286B02EB8202233A1F24DB
:10619800944020EA04000C68944020432863D1E727
:1061A8000568E86A02EB8202413A1F24944020EA1B
:1061B80004000C6894402043E862C3E71C68206927
:1061C80002EB42024FF0070C0CFA02FC20EA0C002A
:1061D8008D6805FA02F202432261C6E71A6816487A
:1061E800824205D09A6A42F020029A620120C1E7F1
:1061F800906810F4000F1BD1906840F40000906084
:106208000A68102A01D00020B4E70C4A12680C4929
:10621800A1FB0212920C02EB82025200019202E0F0
:10622800019A013A0192019A002AF9D10020A1E7C6
:1062380000209FE70220A0E7002401405C00002026
:1062480083DE1B4330B583B00023019303689A684B
:1062580012F0010F2ED104469A6842F001029A60AA
:10626800164B1B68164AA2FB03239B0C019302E002
:10627800019B013B0193019B002BF9D1FFF728FFFC
:10628800054623689B6813F0010F11D1FFF720FF23
:10629800431B022BF5D9A36A43F01003A362E36AF8
:1062A80043F00103E362002384F82430012002E074
:1062B800002000E0002003B030BD00BF5C000020DB
:1062C80083DE1B4390F82430012B68D010B50446B8
:1062D800012380F82430FFF7B5FF00285BD1A36ABB
:1062E80023F4407323F0010343F48073A36223680B
:1062F8002C4A934227D0A26A22F48012A2625A68DA
:1063080012F4806F05D0A26A22F4405242F48052FF
:10631800A262A26A12F4805F2BD0E26A22F006021F
:10632800E262002284F824206FF002021A602368D7
:106338009A6802F46022B2F5602F1DD09A6842F480
:1063480080129A602AE0A2F58062526812F4702FD7
:10635800D1D0A26A42F48012A262134A526812F49F
:10636800806FD6D0A26A22F4405242F48052A262D0
:10637800CFE70022E262D4E70A4A934204D09A683F
:1063880042F4A0029A6009E0A2F58062526812F411
:10639800702FD3D1F3E7002384F8243010BD0220F6
:1063A800704700BF002801400024014038B5036849
:1063B8009A6812F0010F01D1002038BD04469A688E
:1063C80022F001029A60FFF783FE054623689B6866
:1063D80013F0010F0ED0FFF77BFE431B022BF5D9FC
:1063E800A36A43F01003A362E36A43F00103E36284
:1063F8000120E2E70020E0E7002800F08680F8B5F9
:106408000446836A002B50D02046FFF7CFFFA36ACB
:1064180013F0100373D1002871D1A26A22F48852B4
:1064280022F0020242F00202A2626268266838493B
:106438008E4240D0E1690A43E16842EA4102A56818
:10644800B5F5807F02D0012D3CD01D466769012F2C
:106458003BD0716821F46941294371602568AE68B1
:106468002C4931401143A960A168B1F5807F01D062
:10647800012902D12369013B1B052568E96A21F43A
:1064880070010B43EB6223689968234B0B409A42D7
:106498002CD0A36A23F0120343F01003A362E36A2B
:1064A80043F00103E36201202EE0C36280F8243048
:1064B800FFF726FEA8E7E169B1F5402FBBD14FF4FD
:1064C8000021B8E74FF48075C0E731B9A1690139F7
:1064D80045EA413141F40065BBE7A16A41F020017A
:1064E800A162E16A41F00101E162B2E70023E362DF
:1064F800A36A23F0030343F00103A36204E0A36A41
:1065080043F01003A3620120F8BD0120704700BFCB
:10651800003C0140FDF7E1FFFE0E1FFF2DE9F041B1
:1065280004460268136923F44053C1680B4313619E
:10653800836802691343426913430168CA6822F4F5
:10654800B05222F00C021343CB600268536923F463
:10655800407381690B4353610268574B9A4255D087
:10656800FEF762FF00EB800000EB800063689B0091
:10657800B0FBF3F5514FA7FB05356D092E01FEF76A
:1065880053FF00EB800000EB800063689B00B0FBCA
:10659800F3F5FEF749FF00EB800000EB800063682D
:1065A8009B00B0FBF3F0A7FB003040094FF06408F4
:1065B80008FB10531B013233A7FB03235B0903F0CD
:1065C800F003F518FEF730FF00EB800000EB8000C9
:1065D80063689B00B0FBF3F6FEF726FF00EB800034
:1065E80000EB800063689B00B0FBF3F0A7FB003072
:1065F800400908FB10631B013233A7FB0373C3F385
:10660800431322681D449560BDE8F081FEF71CFF26
:1066180000EB800000EB800063689B00B0FBF3F5A3
:10662800264FA7FB05356D092E01FEF70DFF00EB80
:10663800800000EB800063689B00B0FBF3F5FEF779
:1066480003FF00EB800000EB800063689B00B0FB59
:10665800F3F0A7FB003040094FF0640808FB105323
:106668001B013233A7FB03235B0903F0F003F51882
:10667800FEF7EAFE00EB800000EB800063689B00F9
:10668800B0FBF3F6FEF7E0FE00EB800000EB8000C5
:1066980063689B00B0FBF3F0A7FB0030400908FBE0
:1066A80010631B013233A7FB0373C3F34313226840
:1066B8001D449560A8E700BF003801401F85EB51D5
:1066C800704758B310B5044690F839300BB32423FB
:1066D80084F839302268D36823F40053D360204605
:1066E800FFF71CFF2268136923F4904313612268A3
:1066F800536923F02A0353612268D36843F4005393
:10670800D3600020E063202384F8393084F83A30DD
:1067180010BD80F83830FFF7D3FFD8E70120704765
:106728000F4B1A6842F001021A6059680D4A0A4074
:106738005A601A6822F0847222F480321A601A6849
:1067480022F480221A605A6822F4FE025A604FF43A
:106758001F029A60044B4FF000629A60704700BFB6
:10676800001002400000FFF800ED00E0062811D8F4
:10677800DFE800F0041206080A0C0E00074870470C
:1067880007487047074870470748704707487047E9
:1067980007487047002070470648704700080140C6
:1067A800001001400014014000180140001C014085
:1067B80000200140000C01402DE9F04186B040F670
:1067C8000C04224600213448FAF7C4F82246002176
:1067D8003248FAF7BFF82620FFF7DEF9304C40229E
:1067E80000212046FAF7B6F82E4B9A6942F00402C7
:1067F8009A619A6902F004020092009ADA6942F4F6
:106808000032DA61DB6903F400330193019B264B04
:10681800236046F2CB636360244B1B6803B163605B
:106828001F4D234B1B68AB600C236B610024EC618C
:10683800AC612846FFF745FF02940394049405943D
:106848000423029301260496022303934FF00308BE
:10685800CDF81480174F02A93846FFF74DFA029475
:1068680003940494059408230293CDF814800DEB47
:1068780003013846FFF740FA224631462620FFF743
:106888006FF92620FFF77CF92A68D36843F02003C4
:10689800D36006B0BDE8F081A01D00201C2E0020AA
:1068A800181A00200010024000440040F0060020A2
:1068B80060000020000801402DE9F04186B040F654
:1068C8000C04224600213348FAF744F822460021F6
:1068D8003148FAF73FF8314C402200212046FAF7B8
:1068E80039F82F4B9A6942F008029A619A6902F0C6
:1068F80008020092009ADA6942F48022DA61DB69C0
:1069080003F480230193019B264B236046F2CB635B
:106918006360254B1B6803B16360204D4FF48053BF
:10692800AB600C236B610024EC61AC612846FFF777
:10693800C8FE02940394049405944FF48063029370
:1069480001260496022303934FF00308CDF8148020
:10695800164F02A93846FFF7CFF90294039404941E
:1069680005944FF400630293CDF8148002A93846C9
:10697800FFF7C2F9224631462720FFF7F1F8272012
:10698800FFF7FEF82A68D36843F02003D36006B007
:10699800BDE8F08128360020AC2500200018002032
:1069A8000010024000480040EC060020000C0140A6
:1069B80030B591B0BB4B9A6942F004029A619A696A
:1069C80002F004020192019A9A6942F008029A615F
:1069D8009A6902F008020292029A9A6942F0100239
:1069E8009A619B6903F010030393039B03230793A6
:1069F800002305930693AC4B0593AC4B93F83C00EE
:106A0800FF2800F0678293F83D20012393409BB252
:106A18000493FF2800F06082FFF7A8FE04A9FFF79F
:106A28006BF9A24B93F83E00FF2800F0578293F8C9
:106A38003F20012393409BB20493FF2800F050822B
:106A4800FFF794FE04A9FFF757F9984B93F8400015
:106A5800FF2800F0478293F84120012393409BB21E
:106A68000493FF2800F04082FFF780FE04A9FFF797
:106A780043F98E4B93F84200FF2800F0378293F8D1
:106A88004320012393409BB20493FF2800F03182F6
:106A9800FFF76CFE04A9FFF72FF9844B93F8440025
:106AA800FF2800F0288293F84520012393409BB2E9
:106AB8000493FF2800F02282FFF758FE04A9FFF78D
:106AC8001BF97A4B93F84600FF2800F0198293F8D7
:106AD8004720012393409BB20493FF2800F01382C0
:106AE800FFF744FE04A9FFF707F9022307930023E1
:106AF8000593012306936D4B93F87500FF2800F06A
:106B0800048293F87620012393409BB20493FF28D4
:106B180000F0FE81FFF72AFE04A9FFF7EDF8022333
:106B28000793002305930693604B93F87200FF28A0
:106B380000F0F08193F87320012393409BB20493F3
:106B4800FF2800F0E981FFF711FE04A9FFF7D4F848
:106B5800012305930223079300230693534B93F8CD
:106B68006A00FF2800F0DA8193F86B200123934034
:106B78009BB20493FF2800F0D381FFF7F7FD04A927
:106B8800FFF7BAF8494B93F87000FF2800F0CA8164
:106B980093F87120012393409BB20493FF2800F0DF
:106BA800C381FFF7E3FD04A9FFF7A6F83F4B93F86D
:106BB8003900FF2800F0BA8193F83A200123934066
:106BC8009BB20493FF2800F0B381FFF7CFFD04A91F
:106BD800FFF792F8032305930023069302230793F4
:106BE800324B93F89200FF2800F0A48193F8932089
:106BF800012393409BB20493FF2800F09D81FFF787
:106C0800B5FD04A9FFF778F8294B1C88ADF820409A
:106C180001230493ADF8244004A92648FFF76CF833
:106C2800ADF8284008230493ADF82C4004A9224865
:106C3800FFF762F81D4B93F89E00FF2800F07E8155
:106C480093F89F20012393409BB20493FF2800F000
:106C58007781FFF78BFD04A9FFF74EF8144B1C88CA
:106C6800ADF8304010230493ADF83440124D0DEBCD
:106C780003012846FFF740F8ADF838402023049375
:106C8800ADF83C4004A92846FFF736F8074B93F8BF
:106C98008600FF2800F0568193F88720012393404F
:106CA8009BB20BE000100240000031100070002081
:106CB800C0EC000800080140001001400493FF28C0
:106CC80000F04281FFF752FD04A9FFF715F80823E9
:106CD8000493B24C04A92046FFF70EF8042304934A
:106CE80004A92046FFF708F802230593002206921C
:106CF8000793AB4B93F84900FF2800F0278193F8DE
:106D08004A20012393409BB20493FF2800F020817E
:106D1800FFF72CFD04A9FEF7EFFFA14B93F84D00F8
:106D2800FF2800F0178193F84E20012393409BB26F
:106D38000493FF2800F01081FFF718FD04A9FEF75F
:106D4800DBFF974B93F85100FF2800F0078193F879
:106D58005220012393409BB20493FF2800F0018145
:106D6800FFF704FD04A9FEF7C7FF8D4B93F84B000E
:106D7800FF2800F0F88093F84C20012393409BB241
:106D88000493FF2800F0F180FFF7F0FC04A9FEF758
:106D9800B3FF834B93F84F00FF2800F0E88093F887
:106DA8005020012393409BB20493FF2800F0E18018
:106DB800FFF7DCFC04A9FEF79FFF794B93F853001B
:106DC800FF2800F0D88093F85420012393409BB209
:106DD8000493FF2800F0D180FFF7C8FC04A9FEF750
:106DE8008BFF6F4B93F85900FF2800F0C88093F889
:106DF8005A20012393409BB20493FF2800F0C280DD
:106E0800FFF7B4FC04A9FEF777FF654B93F85D0024
:106E1800FF2800F0B98093F85E20012393409BB2CD
:106E28000493FF2800F0B380FFF7A0FC04A9FEF745
:106E380063FF5B4B93F86100FF2800F0AA8093F88A
:106E48006220012393409BB20493FF2800F0A480A2
:106E5800FFF78CFC04A9FEF74FFF514B93F85B003A
:106E6800FF2800F0A38093F85C20012393409BB295
:106E78000493FF2800F09D80FFF778FC04A9FEF733
:106E88003BFF474B93F85F00FF2800F0948093F88E
:106E98006020012393409BB20493FF2800F08E806A
:106EA800FFF764FC04A9FEF727FF3D4B93F8630046
:106EB800FF2800F0858093F86420012393409BB25B
:106EC8000493FF287FD0FFF751FC04A9FEF714FFB5
:106ED80011B030BD20239BE532489FE54023ABE548
:106EE8003048AFE58023BBE52E48BFE54FF480630B
:106EF800CAE52D48CEE54FF40063D9E52A48DDE51B
:106F08004FF48053E8E52848ECE54FF48053FDE55D
:106F1800224801E6022312E6204816E6042328E662
:106F280020482CE6102338E61C483CE6202348E697
:106F38001A484CE601235EE61B4862E6022384E613
:106F4800194888E60423B9E61748BDE64023DBE67E
:106F58001548DFE68023EBE61348EFE64FF480732D
:106F6800FAE61148FEE680230AE70C480EE70123FB
:106F78001AE70C481EE702232AE70A482EE74FF4CF
:106F8800807339E705483DE74FF4007348E7034845
:106F98004CE74FF4806357E700485BE7000801407F
:106FA80000700020000C0140001001404FF4005315
:106FB8005EE7064862E74FF480436DE7034871E7F0
:106FC8004FF400437CE701487FE700BF000C014015
:106FD8002DE9F04F99B0784B9A6942F400629A61B2
:106FE8009A6902F400620192019A9A6942F4005285
:106FF8009A619B6903F400530293029B6F4EDFF87A
:10700800C091C6F80090002474604FF02008C6F8BC
:1070180008804FF4FA6BC6F80CB034617461B4613F
:107028003046FEF7B9FB10231693179416A930467D
:10703800FEF7E4FC60230F9310941194082712972D
:10704800139414944FF40072159222460FA93046F7
:10705800FEF7F4FB04220FA93046FEF7EFFB3A4691
:107068000FA93046FEF7EAFB4FF4006108914FF490
:10707800806009900A94CDF82C800C940D940E949D
:107088000DEB080529463046FEF78FFC4D4DDFF81D
:1070980038A1C5F800A06C60C5F80880C5F80CB028
:1070A8002C616C61AC612846FEF776FBCDF8588000
:1070B800802317930DF1580C61462846FEF79EFC75
:1070C80004940523039303A92846FEF7DFFA6023F7
:1070D8000F93109411941297139414944FF4007210
:1070E800159222460FAB19462846FEF7A7FB042245
:1070F8000FAB19462846FEF7A1FB3A460FAB1946D7
:107108002846FEF79BFB4FF4006108914FF480601E
:1071180009900A94CDF82C800C940D940E940DEBE4
:1071280008012846FEF741FCDAF8443023F400430E
:10713800CAF84430D9F8443023F40043C9F844303D
:1071480021462846FEF7F6FB04212846FEF7F2FB07
:1071580039462846FEF7EEFB21462846FEF713FC83
:1071680004212846FEF70FFC39462846FEF70BFC9B
:1071780021463046FEF7DEFB04213046FEF7DAFBF7
:1071880039463046FEF7D6FB21463046FEF7FBFB74
:1071980004213046FEF7F7FB39463046FEF7F3FB8D
:1071A8002B6801221A633268136843F001031360E5
:1071B80019B0BDE8F08F00BF00100240C4180020CD
:1071C800002C0140581A0020003401402DE9F043FA
:1071D80087B0434EB36943F40073B361B36903F4F2
:1071E80000730093009B3F4C3F4B23604FF4807328
:1071F800A3600025E56065614FF44023E3616560A5
:107208004FF00509C4F810902046FFF7F5F8374A03
:10721800536843F4802353604FF4C023059305A9B2
:107228002046FEF715FC4FF00108CDF810800E231C
:107238000293CDF80C8002A92046FEF763FF029561
:107248000227039702A92046FEF75CFF04970B2745
:1072580002970323039302A92046FEF753FF0C234A
:1072680002930423039302A92046FEF74BFF07234A
:10727800049310230293CDF80C9002A92046FEF740
:1072880041FF2268936843F4000343F480739360DA
:10729800936843EA08039360736943EA08037361D8
:1072A800736903EA08030193019B114B9D60C3F8BE
:1072B8000C90104A1A61104A5A6140F6A2229A604C
:1072C8009A6842EA08029A602A4641463846FEF71A
:1072D80047FC3846FEF754FC07B0BDE8F08300BF12
:1072E800001002408C1900200024014000000140D9
:1072F800000002404C24014064000020F0B585B035
:10730800284B9A6942F480629A619B6903F480630E
:107318000093009B244C254B23604FF48073A3609B
:107328000023E36063614FF46022E2616360052635
:1073380026612046FFF760F8012303930F2201928C
:10734800029301A92046FEF7DDFE0D2301930225D5
:10735800029501A92046FEF7D5FE03950A2301935D
:107368000327029701A92046FEF7CCFE01950423C6
:1073780002930DEB03012046FEF7C4FE0723039397
:107388000197029601A92046FEF7BCFE23689A6879
:1073980042F480729A609A6842F001029A6005B0DD
:1073A800F0BD00BF00100240401800200028014036
:1073B80008B598B1124B1B6803B108BD104B0122E8
:1073C8001A60104B08221A600F4B19680F4A116097
:1073D8004FF416521A60FFF7EFF9EEE7084B1B68F7
:1073E800002BEAD0064B00221A60064B4FF480525D
:1073F8001A60064B1A68044B1A60FFF7DDF9DCE7E0
:107408007C06002060000020F0060020780600209E
:10741800062811D8DFE800F0041206080A0C0E004E
:10742800074870470748704707487047074870473C
:10743800074870470748704700207047064870475C
:1074480000080140001001400014014000180140EC
:10745800001C014000200140000C0140204B1B682B
:107468001333262B3BD810B500231E4A13701E4A2F
:107478001370032405E01D4B1C705020FEF72EFEF0
:10748800013C002CF7DC194B00221A706420FEF72F
:1074980025FE174B93F83940FF2C1CD02046FFF7E8
:1074A800B7FFFF2C19D0124B93F83A3001219940BD
:1074B80089B20022FEF743FD02210E48FEF738FD8F
:1074C8000028F9D102210B48FEF732FD0028F9D037
:1074D800FEF76EFBF6E70748E3E72021E9E7704788
:1074E800DC1C002018070020100700201C070020C3
:1074F80000700020000801402DE9F04F89B0682491
:10750800224600214B48F9F725FA224600214A482D
:10751800F9F720FA4FF0000B85E0DFF820A14FEAD9
:107528000B190AEB0B164FF000084AF80980331DB7
:107538000693C6F80480342707FB0BF73D4D3D44FE
:107548003F4C6088FCF7CEFF0490A088FCF7CAFF88
:107558000590E088FCF7C6FF09F1080207929244FB
:107568003849FDF7CBF8029036490598FDF7C6F87B
:10757800019034490498FDF7C1F80090069B5246E3
:107588003146284603F0C2FC2089C0F1000AFCF706
:10759800A9FF06465046FCF7A9FF01463246284691
:1075A80003F044FC284603F074FC274E06EB090A56
:1075B80046F809800AF10409CAF804801E4D3D44C2
:1075C8006089FCF78FFF0746A089FCF78BFF804690
:1075D800E089FCF787FF079A16441A49FDF78EF8E9
:1075E800029018494046FDF789F801901549384638
:1075F800FDF784F800904B4632465146284603F082
:1076080085FC208A4642FCF76DFF04463046FCF7AD
:107618006DFF01462246284603F008FC284603F081
:1076280038FC0BF1010BBBF1010F7FF776AF09B006
:10763800BDE8F08FC01B0020A01A0020A006002083
:107648002C1C00200000C842800600202DE9F047CD
:1076580000265FE0342506FB05F5304F2F44304CFB
:107668006088FCF73FFF8246A088FCF73BFF804616
:10767800E088FCF737FF2B49FDF740F88146294998
:107688004046FDF73BF8804626495046FDF736F858
:1076980001464B464246384603F086FB2089C0F136
:1076A8000009FCF71FFF80464846FCF71FFF01460C
:1076B8004246384603F0BAFB1B4B1D446089FCF771
:1076C80011FF8146A089FCF70DFF0746E089FCF70A
:1076D80009FF1449FDF712F8804612493846FDF7AC
:1076E8000DF807460F494846FDF708F80146434696
:1076F8003A46284603F058FB208A4742FCF7F2FE38
:1077080004463846FCF7F2FE01462246284603F0B6
:107718008DFB0136012E9DDDBDE8F087C01B0020E2
:107728002C1C00200000C842A01A002010B5A6B0EA
:107738009621684603F010F9962805D1BDF8002077
:1077480040F2D7439A420CD096242246084968460C
:10775800F9F7A8FB2146684603F042F8054806F009
:10776800EFFD962269460448F9F79CFB26B010BD48
:107778003C000108D4EF00082C1C002038B5022179
:107788007248FEF7D5FB002864D0714B9A68511DEA
:1077980099601B68002B40F088806D4B5B682BB9A3
:1077A8006B4B01225A6000229A607EE0603A40F2F8
:1077B8006A739A422AD9664B9B68A3F5FA6340F626
:1077C800B73293422BD9624B9B68A3F59C53093B74
:1077D80041F2863293422BD95D4B9B68A3F51C532B
:1077E800113B41F2863293422BD9594B9B68A3F542
:1077F8006A53193B574A934257D80421002002F094
:1078080029FA0421012002F025FA4EE00121002086
:1078180002F020FA0121084602F01CFACBE7022107
:10782800002002F017FA0221012002F013FACAE739
:107838000321002002F00EFA0321012002F00AFAC7
:10784800CAE70421002002F005FA0421012002F011
:1078580001FACAE73E4B1C6814BB5B6803B33C4B98
:107868009B68A3F51C53103B41F2873293421DD904
:10787800374B9B68A3F59C53083B41F287329342F0
:1078880032D9334B9B68643B40F26B72934254D9B4
:107898000021084602F0DEF90021012002F0DAF9A1
:1078A8002B4B00229A605A601A6038BD00202A4B80
:1078B80018702A4B1870082102F0CCF90821012011
:1078C80002F0C8F9254607E005F00302244B1A70B8
:1078D8006420FEF703FC0135132DF5DDFFF768FD85
:1078E800204806F02DFDC3E700201B4B18701B4BEA
:1078F8001870082102F0AEF90821012002F0AAF957
:1079080007E004F00202164B1A706420FEF7E6FB4B
:107918000134132CF5DD144BB3F91D201A861348D6
:10792800C282B3F96720A3F87A200283962102F075
:1079380057FF0C4806F004FDA3E7084B00221A7015
:107948000B4806F0FDFCFFF789FDA1E700080140A0
:107958001C1B0020064C01001807002010070020FF
:107968001C070020ECEF0008443E00202C1C0020DF
:1079780010F0000870B596B002250C9501261096F7
:10798800102311931395002414944FF46013159346
:107998000CA8FDF75DFA0F230793089509944FF497
:1079A80080630A930B94294607A8FDF779FC019593
:1079B8004FF44043039301A8FEF7CCFAFDF72EFDE0
:1079C8000E4BA3FB00308009FEF7F6F80420FEF703
:1079D80007F9224631464FF0FF30FEF7C1F8084A52
:1079E800D2F8FC3043F08073C2F8FC30054B5C6081
:1079F8001A6832431A6016B070BD00BFD34D6210CA
:107A080000ED00E0001000E02DE9F04F9BB0FEF71C
:107A180045FBAB4DAB6943F00103AB61AB6903F0C8
:107A280001030893089BAB6943F00403AB61AB699E
:107A380003F004030993099BAB6943F00803AB61A6
:107A4800AB6903F008030A930A9BAB6943F0100380
:107A5800AB61AB6903F010030B930B9B00241294EA
:107A680013941494159401261396022315934FF03A
:107A78002008CDF84880934F12A93846FEF73CF904
:107A8800324641463846FEF75AFAFFF74FFE07F0EE
:107A980063F807F0B7F80320FEF750F822462146AE
:107AA8006FF00B00FEF75CF8224621466FF00A00E3
:107AB800FEF756F8224621466FF00900FEF750F807
:107AC800224621466FF00400FEF74AF82246214676
:107AD8006FF00300FEF744F8224621466FF00100DC
:107AE800FEF73EF8224631464FF0FF30FEF738F8F1
:107AF800754904960022754BCDE902236EA3D3E99C
:107B08000023CDE900230022714BA1F1240003F0EA
:107B18007FFA704B1860FFF72DFF6B6923F00103A4
:107B28006B61FEF745FFFFF753FAFFF74FFBFFF7CF
:107B3800E5FB782221466848F8F70CFF674B93F875
:107B48003940FF2C2FD02046FFF762FCFF2C2CD0A9
:107B5800624B93F83A300121994089B20122FEF72D
:107B6800EEF95F48FEF7AEFB5E48FEF7ABFBFEF7AB
:107B780023FEFEF7A1FE02F0C9F8FFF7BDFC01F0F5
:107B880007FE594B5B8A1BB9574B40F2DC525A82AD
:107B9800554B5B8A40F2DC52934228BF13464E4A4B
:107BA8009361012409E04748D0E72021D6E74F4BED
:107BB8001C703220FEF792FA0134032CF7DD0324FF
:107BC80005E04A4B1C703220FEF788FA013C002C75
:107BD800F7DC464B00221A70404B93F86A40FF2CA2
:107BE8005FD02046FFF714FCFF2C5CD03B4B93F88A
:107BF8006B300121994089B20122FEF7A0F93C4877
:107C080006F09EFB02F024FB3A4806F083F93A4856
:107C180006F080F9394B188A80B2FCF763FC0746F6
:107C2800374B01221A7002212648FEF781F9354A9E
:107C38001060506000219160002836D0324806F06C
:107C48007FFBFDF7EBFB314CC4F8840002F092FB9C
:107C5800C4E90001FEF73CFA0346206441F288308B
:107C68000021C4E90E0122686168121841F100017F
:107C7800A260E16005336364254DD5E90089C82019
:107C8800FEF72CFAD5E90023A2EB080202EB8202E8
:107C98006267204B1A6100F08FFE0023069300F004
:107CA80090BD1D48A0E70421A6E71C4806F048FB44
:107CB800C7E700BFAFF300803333333333A36440E7
:107CC8000010024000080140B848002000688040C9
:107CD80000805640281C00207C01002000700020F5
:107CE8008C190020401800202C1C00201C070020A4
:107CF80028F00008905D00202C4B0020001A00207E
:107D0800100700201C1B002034F00008A0470020AA
:107D180008070020F4010020000C014054F000087E
:107D280002F084F8C1B2AA4804F012F902F09CF8F3
:107D38000028F5DCA64804F069F8A64B1B68002B60
:107D480040F0C38002F016FBA34CC4E90001FEF723
:107D5800BFF92064A04B19685A689868DB688142AB
:107D680072EB0303E2DB9C4B19615A611A6C9A644B
:107D7800DA6F4FF47A7102FB01F1D3F88420974847
:107D880080FB0240D217C2EBA01291FBF2F29A6775
:107D980001F03AFA924C206803F0A0F910AB0EAA51
:107DA8000CA9206803F06CF9DDE90C01FCF76CFA0A
:107DB8008C4C2060DDE90E01FCF766FA6060DDE9B5
:107DC8001001FCF761FAA0600023874A1360874A14
:107DD8001360874B1C68002C00F0888001F06CFF52
:107DE800DFF81082D8F80000FBF74AFF72A3D3E946
:107DF8000023FBF7AFFF04460D467B4B1868FBF7E3
:107E08003FFF6FA3D3E90023FBF7A4FF02460B460D
:107E180020462946FBF7E8FDFCF736FA0646C8F87F
:107E28000000DFF8D481D8F80000FBF729FF62A32F
:107E3800D3E90023FBF78EFF04460D466B4B186809
:107E4800FBF71EFF5EA3D3E90023FBF783FF02467F
:107E58000B4620462946FBF7C7FDFCF715FAC8F87C
:107E68000000664B1B78002B00F08082FBF708FFB0
:107E78000022634BFBF76EFF04460D463046FBF7C6
:107E8800FFFE00225E4BFBF765FF804689460246EF
:107E98000B4620462946FBF7A5FD82468B46002265
:107EA800584BFCF7E7F9002840F03A8246A3D3E99B
:107EB800002350465946FCF7BFF9002840F050828D
:107EC80050465946FCF7E0F92CE24F4801F074FBA4
:107ED800002807DD4C4801F0BBFBC1B24B4804F059
:107EE80037F8F2E7494803F091FF2BE701F048FD26
:107EF800474B1B6813BB474BD3F836301BB9454B70
:107F0800D3F88030D3B1444B9B8A13B1434B012241
:107F18001A60434806F014FA3E4B002283F83620D4
:107F280083F8372083F8382083F8392083F88020B5
:107F380083F8812083F8822083F88320394B5B699A
:107F4800FBB10321002001F085FE344B1B681BB3F5
:107F5800314B9B8A03B32F4BD3F84630B3B12D4B2B
:107F6800D3F8903093B12F4B5D69002D40F0D58048
:107F7800284BD3F82630ABB9264B1E6F9EB101268D
:107F880011E00021084601F065FEDEE7264B1B786C
:107F980023B9254B00221A702546D5E0234806F060
:107FA800CFF9F6E70126224A12AB92E8030083E8EC
:107FB80003004DE0AFF30080CDCCCCCCCCCCEC3F73
:107FC8009A9999999999B93F0000000000408FC08B
:107FD800905D00207C060020A0470020D34D621051
:107FE800281C0020081B0020F01C0020D41C0020A6
:107FF8001C1B0020D81C0020DC1C0020E8060020E8
:108008000000E03F00408F401C2E00202C4B002039
:10801800E0060020443E00202C1C0020E40600203E
:1080280074F000087C0100201007002094F000087C
:10803800C4EC0008A64B002243F82520A54B1B786A
:108048000BB1002E3DD00421284601F00DFE01356C
:10805800012D3DDCA04B4A2202FB0533D3F8263024
:10806800002BE7D01AAB03EB850353F8203C9A4A60
:108078004A2101FB0522B2F91D10B2F92E208A1AF5
:1080880002FB03F3954A82FB0312A2EBE372944BC3
:108098005B8B9A4203DC5B429342B8BF13468C4A1F
:1080A80042F825300C21284601F0DEFD894B1B786B
:1080B800002BCCD18B4806F043F9864B01221A706D
:1080C800C5E7894806F03CF9824B00221A70BAE7E6
:1080D8000023864A1360864A1360864B1B6823B1C7
:1080E8007F4B9B8A002B7FF479AE834B1B68069AE3
:1080F800934202D1774B1B7823B9FFF7FDF97E4BEA
:108108001B6806937C4B1B68022B00F0D580032B61
:1081180000F0DB80012B27D060E66D4A0023536016
:108128001360724A13606B4B1B78002B3FF434AF1B
:10813800724806F005F9674B00221A702CE70821EF
:10814800284601F091FD0135012DC6DC624B4A221B
:1081580002FB0533D3F82630002BF0D00421284643
:1081680001F082FDEFE70134012C3FF737AE3423ED
:10817800634D03FB0455284602F0B2FD0028F2D0F7
:10818800DFF880814FEA041908EB04165E4B53F8B8
:108198002400FCF7ABF9706004EBC4025B4B03EB03
:1081A80082031869FCF7A2F948F80900284602F08A
:1081B800A3FDB068FCF7B4FB454B43F82400D2E7B5
:1081C800534B03EB0518FCF791F9C8F80400079422
:1081D8004EE03F4A52F8252002444E4B9B689A4293
:1081E80003DC5B429342B8BF1346394A42F8253054
:1081F8000135012D3FF7F2AD05EBC502434B03EB0B
:1082080082039869424E4FEA051906EB051856F89D
:1082180009A0FCF76BF95146FCF7B4F846F80900D9
:10822800D8F80C300133C8F80C302A4B1B782BB91E
:10823800002046F809000123C8F80C303423364ED4
:1082480003FB0566304602F04BFD0028D0D0314BC9
:1082580053F8250080EAE072A2EBE0721B699A42AB
:10826800AEDA2B4B03EB051300225A600123079368
:10827800DFF89C904FEA051A09EB051859F80AB07F
:10828800D8F80C00FCF732F901465846FCF736FAE4
:1082980049F80A000023C8F80C30304602F02CFDDB
:1082A800D8F80800FCF73CFB079A002A91D0084B45
:1082B800002243F825209BE725469AE7174B53F8F9
:1082C8002420034B43F824200134012CF6DD85E5F6
:1082D800C806002010070020443E0020565555557A
:1082E8002C1C0020ACF00008D4F000087401002019
:1082F800181B0020E4060020E0060020FCF000081F
:10830800C01B0020A0060020500200209448002036
:108318008006002070020020A01A00203C020020E5
:108328004FF47A70804A106042464B4620462946F0
:10833800FBF75AFB04460D4600227C4BFBF79AFFDD
:1083480080B973A3D3E9002320462946FBF774FFBD
:10835800002840F0D08020462946FBF795FF03E02F
:108368007348DFE74FF47A706F4A5060714B1B789F
:108378001BB96D4B00225A601A606B4B59686E4AE4
:1083880011601B685B426D4A13606D4B1A68511C83
:1083980019606C4BA3FB02135B09642101FB1323D7
:1083A800002B7ED13846FBF77DFC5BA3D3E9002385
:1083B800FBF7D0FC04460D46634E308A80B2FCF7CA
:1083C80091F8FBF76FFC56A3D3E90023FBF7C2FC37
:1083D80002460B4620462946FBF706FBFBF77CFFC7
:1083E80007465A49FBF7CCFF5949FCF7D3F85949D6
:1083F800FBF7C8FF0446328A92B2574B9A60DF6097
:108408001861564B93F87550FF2D76D02846FEF725
:10841800FFFF8268FF2D72D0504B93F8761001232E
:108428008B409BB21A420CBF012200224A4B5A6170
:108438004B4DB5F91D10002001F064F8B5F967102F
:10844800494209B2012001F05DF8374DB5F9041031
:10845800022001F057F8B5F90010032001F052F896
:10846800394B998909B2042001F04CF83D493E4B3B
:108478001868FCF78FF8FCF753FA01B2052001F0F1
:1084880041F83846FCF74CFA01B2062001F03AF8F8
:108498002046FCF745FA01B2072001F033F801F055
:1084A80037F8FFF76BF92C4B5B6913B92F4B1B7827
:1084B80013B12F4B00221A602B4B1C682D49204604
:1084C800FCF706FA20B12C4B1B681333262B19D95D
:1084D8002A492046FCF7FCF9002859D025492046AE
:1084E800FCF714FA002853D0254B05221A70254BA7
:1084F80006221A7054E00E4836E7234889E74FF4FD
:1085080080538FE7214805F01BFFFEF7A7FF47E0E0
:108518000000000000408FC0AE47E17A14AEEF3F84
:108528007B14AE47E17A843FC806002000408F40A4
:1085380018FCFFFF10070020200700202407002058
:10854800D00600201F85EB51001A002000E0CE4421
:10855800083748BE33330F427C01002000700020EA
:10856800443E00200000C84278010020DC060020BC
:10857800181B0020CCCC0642DC1C002000000C425A
:108588001C070020180700200008014014F100080B
:10859800AD4B1B68002B40F33881013BAA4A13609E
:1085A800AA4B1B68002BB8BF5B42322B07DCA74BDA
:1085B8005B68002BB8BF5B42322B40F32C81A44B85
:1085C80000221A60A24B1B68A24A93420CD9A24A05
:1085D80012784AB9A04A03211170A04A01211170EA
:1085E800994A4FF47A7111609D4A93420CD99A4A7C
:1085F80012784AB9984A02211170984A01211170DB
:10860800914A4FF47A711160964A934200F20881B8
:10861800954B1B68002B2EDD013B934A1360934951
:1086280081FB0321DA17C2EBE1124FF4C87101FB99
:108638001232002A00F028818B4B1B68B3F5FA6FC1
:1086480009DC854A03211170844A012111707E4A90
:108658004FF47A711160B3F57A7F09DC7E4A022102
:1086680011707E4A01211170774A4FF47A711160B6
:10867800002B40F3178101F07DFE7D4CC4E9000119
:10868800FDF726FD20642568D4F804C0236AD4F8D1
:108698002480B5EB030B6CEB080AC4F818B0C4F8D7
:1086A8001CA0D4F850E0A0EB0E01E16422696669D1
:1086B800D31A66EB0808A362C4F82C80A36CA3EB5A
:1086C8000E0EC4F854E0AD1A6CEB0606256366631B
:1086D800C01AA065B1B958465146FBF71DFF654958
:1086E800FCF70CF8FCF71CF9E06428463146FBF768
:1086F80013FFFBF7D7FA00225F4BFBF755FCFBF79C
:10870800C3FDA0655A4CE06EFBF7CCFA4AA3D3E947
:108718000023FBF71FFBFBF7DFFDE066FBF7C2FA60
:108728008046894658465146FBF7F6FEFBF7BAFAEB
:108738000022514BFBF738FC41A3D3E90023FBF798
:1087480009FB02460B4640464946FBF74DF9FBF745
:10875800C3FDE066206FFBF7A5FA37A3D3E9002332
:10876800FBF7F8FAFBF7B8FD2067FBF79BFA8046A2
:10877800894628463146FBF7CFFEFBF793FA0022DD
:108788003D4BFBF711FC2EA3D3E90023FBF7E2FADC
:1087980002460B4640464946FBF726F9FBF79CFD87
:1087A8002067A368E268A16BE06B5B1842EB0002EC
:1087B800A360E260314BDB6A1BB9314A13680133AD
:1087C80013602B4B1A6859681A625962186C18653D
:1087D8009868DE68904276EB0103BFF6BBAA244D89
:1087E8002B6E6C6E101A61EB06061B1844EB060420
:1087F8002B666C66AB6E0133AB6612F57A7241F18B
:108808000001AA60E960FFF7A5BA0023124A1370B5
:10881800124A1370C4E60E4A136801331360D1E696
:108828000B4B00221A60174805F08AFDFEF716FE6A
:10883800EEE600BFAFF30080AE47E17A14AEEF3F3B
:108848007B14AE47E17A843FD4060020C806002096
:10885800181B0020803801001C0700201807002082
:10886800C057010000770100D80600201F85EB5192
:10887800A047002000007A4400408F40906D0020FF
:108888007401002030F100080B4A82FB0312DB1749
:10889800C3EBA212094912A8F7F704FD12A805F0C4
:1088A8004FFDC9E6064B00221A60064805F048FD50
:1088B800FEF7D4FDDFE600BF1F85EB5150F100083D
:1088C800D806002064F10008062811D8DFE800F077
:1088D800041206080A0C0E0007487047074870473C
:1088E8000748704707487047074870470748704768
:1088F80000207047064870470008014000100140FA
:108908000014014000180140001C014000200140F3
:10891800000C014005292ED8DFE801F0030A1118E0
:108928001F260021116018604042009B18607047A4
:108938004142116018600023009A13607047414259
:10894800116000221A60009B1860704700211160B6
:1089580042421A60009B18607047106040421860DD
:108968000023009A13607047106000221A6040428A
:10897800009B18607047002111601960009B196006
:108988007047052812D8DFE800F00306080A0C0E25
:10899800891A1960704719607047196070471A6022
:1089A80070471A607047511A1960704700221A60A0
:1089B800704700000000000070B5C2B072B6324CBB
:1089C800002363612368314D85F86030636885F85A
:1089D80061302F4B586FFBF789FDFBF763F90022D5
:1089E8002C4BFBF7B7F924A3D3E90023FBF7B2F923
:1089F80023A3D3E90023FBF7ADF9FBF76DFCFBF7E5
:108A08008FFF02462860A368216901FB03F322480F
:108A180080FB03C6DB17C3EB6623EB60E66806FB47
:108A280001F180FB0160C917C1EB6021A9600091C9
:108A38001A4902A8F7F736FC02A805F081FC184885
:108A48000560184BC360184B4360184B8360184E81
:108A58003560184BF360184B7360184BB36006F021
:108A680011F8304606F00EF80123636162B642B091
:108A780070BD00BFAFF300803F7EFA80DEDF913F1C
:108A8800CE3BBB219B182340F40100209402002018
:108A9800A047002000001040D34D62107CF1000870
:108AA800901D0020141D0020781D0020381D002076
:108AB800801D0020541D00204C1D0020001D00209A
:108AC800F0B589B0AD4B5D6872B6AD4B93F83C40DC
:108AD800FF2C00F0DA802046FFF7F6FE8368FF2CB3
:108AE80000F0D580A64A92F83D1001228A4092B241
:108AF800A34991F83E10FF2900F0CB80A04991F8D6
:108B08003F000121814089B20A439D4991F84010F4
:108B1800FF2900F0C0809A4991F841000121814065
:108B280089B20A431340DB43FF2C00F0B680944A15
:108B380092F83D1001228A4092B2B3FBF2F303F09F
:108B4800070306938E4B93F84240FF2C00F0A78052
:108B58002046FFF7B9FE8368FF2C00F0A280884A00
:108B680092F8431001228A4092B2854991F8441044
:108B7800FF2900F09980824991F845000121814040
:108B880089B20A437E4991F84610FF2900F08F8088
:108B98007B4991F847000121814089B20A4313407B
:108BA800DB43FF2C00F08680754A92F843100122BF
:108BB8008A4092B2B3FBF2F303F00703079362B65D
:108BC800704B02225A60704AD2F8F040069EF1B209
:108BD80004EB440302EBC30319759DF81C10597587
:108BE800D2F8F0100131694880FB0130CB17C3EB94
:108BF800A00303EB8303A1EB4303C2F8F030D2F8E0
:108C0800F010D2F8F430994257D05F4BD3F8F020E7
:108C180002EB420203EBC2035A4A53615C4B1B68E6
:108C2800B3F57A7F5ADB5B4A1368013313605A4AFB
:108C38001168002900F0BC80584AA2FB0302120BFD
:108C4800574800680130B2FBF0F700FB1722002AF2
:108C580040F0AE80B3FBF1F201FB1233002B40F081
:108C6800BA80474B93F87070FF2F00F08280384627
:108C7800FFF72AFEFF2F7ED0414B93F87130012178
:108C8800994089B2FDF761F9A5E0464826E7202218
:108C98002EE7402138E7802143E720224DE742486C
:108CA80059E74FF4806260E74FF4006169E74FF4D9
:108CB800805173E74FF480627CE71046D2F8F420C5
:108CC8000132324981FB0231D317C3EBA10303EB15
:108CD8008303A2EB4303C0F8F43096E701332C4A30
:108CE8001360294B04EB4401C80003EBC1018A88D7
:108CF80092B2D3F8F8502A4402EBD2725210C3F859
:108D0800F820CA8892B2D3F8FC502A4402EBD272F7
:108D18005210C3F8FC201A5A92B2D3F80001024448
:108D280002EBD2725210C3F800214A8892B2D3F8EB
:108D38000401024402EBD2725210C3F804214A899A
:108D480092B2D3F808110A4402EBD2725210C3F857
:108D5800082104EB440403EBC404228992B2D3F83B
:108D68000C110A4402EBD2725210C3F80C2109B05C
:108D7800F0BD0E487EE7102184E700BF001000E038
:108D880000700020000002406400002067666666EC
:108D9800F4060020140700201C0700205917B7D13B
:108DA80018070020000C0140001001400008014095
:108DB8007B4B93F87070FF2F70D03846FFF784FD17
:108DC800FF2F6DD0764B93F871300121994089B20D
:108DD8000022FDF7B4F8734B1A6801321A601B6859
:108DE80013F0010F5ED1704FD7E90023501C43F1F7
:108DF8000001C7E900016D4B1B681E2B06D86C4BA0
:108E08001B781BB16B4B5B69002B54D16A4A536CBE
:108E180023F400435364694A04EB440302EBC3039D
:108E28005B899BB2D2F808219B1A002B49DB634A65
:108E380004EB440302EBC3035B899BB2D2F808211D
:108E48009B1A5F4AD2699A4246DA5D4BDB6B052B67
:108E580003DD5B4AD36B053BD363594BD86B594B46
:108E68001B6803FB00F0801200230393049305930F
:108E7800504B1B68B3F1FF3F45D04E4B5B69002B4D
:108E880052D1039B40F2DE32934266DCA2F2BC72FE
:108E98009342B8BF134603F57A7360E04A488FE7F8
:108EA800102195E7404FD7E90023501C43F10001FA
:108EB800C7E900019FE7404A536C43F400435364F9
:108EC800A9E73E4AD2F8083104EB440102EBC1029B
:108ED800528992B29B1AB4E7394AD269323A9A4215
:108EE800BBDD374BDB6BB3F5806FB6DA344BDA6B2F
:108EF8000332DA63DB6BB3F5806FAEDD304B4FF4D2
:108F08008062DA63A9E7314B9E5D0236304B83FB02
:108F1800062303EB430105AB009304AB03AAA6EBBE
:108F28004101FFF7F7FCACE772B62A4B1A782A4BD7
:108F38001A702A4A12785A70294A12789A7040424E
:108F4800586062B6274805F043FA274B1A6803921F
:108F58005A6804929B68059393E740F2C673164AD1
:108F68005363049B40F2DE32934207DCA2F2BC72E8
:108F78009342B8BF134603F57A7301E040F2C67313
:108F88000D4A9363059B40F2DE3293422EDCA2F237
:108F9800BC729342B8BF134603F57A7328E000BF4A
:108FA800007000200007002008070020740100203E
:108FB80010070020F4010020003401406400002064
:108FC8007C0100202407002000080140D40001088B
:108FD800ABAAAA2A8F480020781D002099470020B4
:108FE80098470020901D0020381D002040F2C673CD
:108FF800724AD363724B1B681E2B06D8714B1B78C1
:109008001BB1714B5B69002B7CD1704A536C23F404
:10901800004353646E4A04EB440302EBC3031B8909
:109028009BB2D2F80C219B1A002B71DB684A04EB27
:10903800440402EBC40423899BB2D2F80C219B1A86
:10904800644AD2699A426EDA624B9B6E052B03DD45
:10905800604A936E053B93665E4B986E5E4B1B6849
:1090680003FB00F080120023039304930593564BEF
:109078001B68B3F1FF3F6DD0534B5B69002B7BD16D
:10908800039B40F2DE32934200F38F80A2F2BC725F
:109098009342B8BF134603F57A734C4A5363049B53
:1090A80040F2DE32934200F38380A2F2BC72934214
:1090B800B8BF134603F57A73444A9363059B40F29D
:1090C800DE32934277DCA2F2BC729342B8BF1346F9
:1090D80003F57A733D4AD363404B5B689D4203D9DD
:1090E80003F1004305F100455B1B3D4AD3673D4B47
:1090F8001B6813F0020F3FF43AAE334A9369013309
:10910800936134E6314A536C43F40043536481E776
:109118002F4AD2F80C3104EB440402EBC402128942
:1091280092B29B1A8CE72B4AD269323A9A4293DD63
:10913800284B9B6EB3F5806F8EDA264B9A6E0332FE
:109148009A669B6EB3F5806F86DD224B4FF4806282
:109158009A6681E7079B244AD45C0234234B83FB3D
:10916800042303EB430105AB009304AB03AAA4EB70
:109178004101FFF7CFFB83E772B61D4B1A781D4BF1
:109188001A701D4A12785A701C4A12789A70404216
:10919800586062B61A4805F01BF91A4B1A68039210
:1091A8005A6804929B6805936AE740F2C67374E7AD
:1091B80040F2C67380E740F2C6738BE70034014083
:1091C8007401002010070020F4010020002C014049
:1091D800640000207C01002020070020001000E02F
:1091E800A047002000000240D4000108ABAAAA2A28
:1091F800904800204C1D00208E4800202848002060
:10920800801D0020001D00202DE9F04383B0B44EDE
:10921800D6F8F0300933B34A82FB0312DC17C4EBEB
:10922800A20404EB8404A3EB440404EB440206EB1D
:10923800C205AD4B56F832106A68AF68E868196025
:109248005A609F60D86029696A6919615A61A74F95
:109258003868FAF727FD9CA3D3E90023FAF77AFDCB
:1092680080468946A88980B2FBF73CF9A049FBF7FC
:1092780091F9FAF717FD96A3D3E90023FAF76AFDE7
:1092880002460B4640464946FAF7AEFBFBF724F880
:109298003860984B58606B899BB2D6F808219B1AA6
:1092A800002BC0F2FE808E4A04EB440302EBC3039A
:1092B8005B899BB2D2F80801181AFBF717F9FAF77D
:1092C800F1FC85A3D3E90023FAF744FDFBF704F882
:1092D800884E3062FAF7E6FC0022874BFAF73AFD2F
:1092E800FAF7D2FFB063B06AFAF7DCFC76A3D3E9E9
:1092F8000023FAF72FFD80468946306AFAF7D2FC38
:1093080073A3D3E90023FAF725FD02460B4640462E
:109318004946FAF769FBFAF7DFFFB062704F04EBD2
:10932800440507EBC5052B7DDBB2744A12F803C070
:109338000CF1020C724B83FB0C2303EB430000235C
:109348000193A98889B2D7F8F8E0EA8892B2D7F8E9
:10935800FC8001ABA2EB0802A1EB0E01ACEB4000D4
:10936800FFF70FFBAB889BB2D7F8F8209B1AF36284
:10937800EB889BB2D7F8FC209B1A3363019B73637D
:109388002B899BB2D7F80C219B1A002BC0F2918035
:10939800534A04EB440302EBC3031B899BB2D2F884
:1093A8000C01181AFBF7A2F8FAF77CFC4AA3D3E9D8
:1093B8000023FAF7CFFCFAF78FFF4E4DE864FAF76F
:1093C80071FC00224C4BFAF7C5FCFAF75DFF6866A2
:1093D800A869FBF78BF8FAF765FC0022464BFAF709
:1093E800E3FD3DA3D3E90023FAF7DEFDFAF74CFFCE
:1093F800E861686DFAF756FC33A3D3E90023FAF75E
:10940800A9FC06460F46E86CFAF74CFC30A3D3E9F2
:109418000023FAF79FFC02460B4630463946FAF716
:10942800E3FAFAF759FF68652D4E670004EB44022A
:109438004FEAC20806EBC202537DDBB22F4911F88E
:1094480003C00CF1020C2E4B83FB0C1303EB4300FF
:109458000023009336F8081089B2D6F800E1528844
:1094680092B2D6F804916B46A2EB0902A1EB0E0169
:10947800ACEB4000FFF785FA36F808309BB2D6F817
:1094880000219B1AAB653B1906EBC3035B889BB2B3
:10949800D6F804219B1AEB65009B2B6603B0BDE848
:1094A800F083D6F808016B899BB2C01AFBF71EF847
:1094B80005E7D7F80C012B899BB2C01AFBF716F801
:1094C80072E700BFAFF30080AE47E17A14AEEF3F1A
:1094D8007B14AE47E17A843F7B14AE47E17A943F30
:1094E8006400002067666666001A00207801002084
:1094F80017B9CE3C7C01002000005940D400010877
:10950800ABAAAA2A014B23F810107047343E00205A
:109518001A4B1B7813B11A4B1B7803B97047F0B577
:1095280087B0184C642200212046F7F713FA164931
:109538000A88B1F802C0888800B2CD882DB20E8999
:1095480036B24F893FB28B891BB2C98909B20591DE
:10955800049303970296019500900FFA8CF312B2C8
:109568000A492046F6F79EFE2046F6F7BDFE01465C
:10957800204600F0B7FC07B0F0BD00BF1002002085
:1095880011020020B82D0020343E0020B0F1000860
:10959800034B1A68D36843F08003D36001207047F7
:1095A800181A0020034B1A68D36843F08003D3606D
:1095B8000120704700180020D0F80038D0F80408BF
:1095C800181A00D4704700F58060FBE738B50446E8
:1095D8000D46FFF7F1FF40F2FD33984210DCD4F856
:1095E800003824F81350D4F8003801335A42C3F332
:1095F8000903C2F3090258BF5342C4F8003838BD02
:10960800D4F808380133C4F80838F8E770B50646C6
:109618000D460E48FFF7D0FF2844B0F57F7F01DCE8
:1096280000240DE0094AD2F808380133C2F8083896
:109638004FF0FF3008E0315D0448FFF7C7FF013401
:10964800AC42F8DBFFF7A4FF70BD00BFA01D0020EF
:109658000346D0F80018D0F80428914211D0D0F869
:10966800042830F8120080B2D3F80428013251429D
:10967800C2F30902C1F3090158BF4A42C3F80428DA
:10968800704700207047000010B50446036813F0C7
:10969800800F04D1236813F0200F10D110BD0B48A0
:1096A800FFF78AFF20B9E36823F0C003E360F1E71E
:1096B8000648FFF7CDFFC0F308006060EAE761687D
:1096C800C1F308010248FFF781FFE7E7A01D00206A
:1096D8001C2E002010B50446036813F0800F04D137
:1096E800236813F0200F10D110BD0B48FFF764FF5B
:1096F80020B9E36823F0C003E360F1E70648FFF709
:10970800A7FFC0F308006060EAE76168C1F30801D9
:109718000248FFF75BFFE7E728360020AC2500206A
:1097280008B518B10348FFF747FF08BD0248FFF71F
:1097380043FFFAE7AC2500201C2E002008B518B11D
:109748000348FFF739FF08BD0248FFF735FFFAE77E
:1097580028360020A01D002008B518B10348FFF7DF
:1097680035FF08BD0248FFF731FFFAE72836002029
:10977800A01D002008B518B10348FFF769FF08BD10
:109788000248FFF765FFFAE7AC2500201C2E0020F1
:1097980038B50E4B00251D605D609D600C4C942211
:1097A80029462046F7F7D6F80A4BB3F91620228641
:1097B800B3F91830A4F87A30012384F8883084F893
:1097C800895084F88A5084F88B5038BDD83E0020E0
:1097D800443E00202C1C002008B510B1FFF7E2FE23
:1097E80008BDFFF7D5FEFBE72DE9F04106460F4619
:1097F80015469846FFF7A2FF2844B0F57F7F16DC90
:10980800002403E03046FFF7A7FF0134AC4208DA32
:10981800395DB8F1000FF5D0002CF3D141F4807117
:10982800F0E73046FFF7D8FF0120BDE8F0814FF0A0
:10983800FF30FAE730B58FB0044645690A2D00D9E4
:109848000A256379AA2B01D0552B34D1B4F901200C
:10985800B4F903309A424CD1D4F842108B1A002B39
:10986800B8BF5B42C82B64DC0A2D6CD12A4621465E
:1098780004F11C00F7F716FBB4F90130C4F84230C4
:10988800B4F92430002BB8BF5B429BB2B3F5FA6F32
:1098980009D8B4F91D30002BB8BF5B429BB242F225
:1098A8002832934254D9D4F84630002B39DD013B95
:1098B800C4F8463035E0D4F83E202B4901A8F6F725
:1098C800F1FC01A804F03CFD284804F039FD00250E
:1098D8006369AB4209DD625D254901A8F6F7E2FC40
:1098E80001A804F02DFD0135F2E7224804F028FD17
:1098F80017E0214901A8F6F7D5FC01A804F020FDDE
:10990800002508E0625D1A4901A8F6F7CBFC01A81A
:1099180004F016FD01356369AB42F3DC154804F029
:109928000FFD0023012222766376A376E3760FB03B
:1099380030BD13460A46114901A8F6F7B3FC01A841
:1099480004F0FEFC90E70022E2612262A2848DE727
:109958000023052284F8462084F8473084F84830EC
:1099680084F84930DDE700BFDCF10008E8F10008C1
:1099780004F20008F8F900080CF2000828F20008C0
:109988002DE9F047FCF7A4FB8146002486E0AB4AAA
:109998004A2303FB04225369C2F83A3000231375A3
:1099A80053759375D37533607360B360F360336137
:1099B800137653769376D376A04B4A2202FB043370
:1099C8005B69132B06D8F5549C4B02FB04335A6988
:1099D80001325A61994B4A2202FB04335B69092B15
:1099E80004DD964B02FB04339B691BB3013F002F38
:1099F8002DDD2046FFF7BEFE054610F4807FDBD044
:109A08008E4B4A2202FB04335B69052BBFDD8B4B6F
:109A180002FB04339B69002BB9D13046FFF70AFFDC
:109A2800864B4A2202FB04339B69002BAFD008F116
:109A38000108ACE73046FFF7FDFE804B4A2202FBE7
:109A480004339B69002BD1D008F10108CEE7B8F1A7
:109A5800000F00F0C580794B4A2202FB0433D3F88B
:109A68002A305BB3754B4A2202FB043300210A20DB
:109A780083F82A0083F82B1083F82C1083F82D1014
:109A880093F82130552B1DD06C4B4A2202FB04332E
:109A980093F82130AA2B00F08D800134012C00F3BB
:109AA800CA804A23654E03FB046696F821A0204627
:109AB800FFF736FE07464FF0000898E7604804F0C5
:109AC8003FFCCFE75D4B4A2202FB043383F82600B4
:109AD80083F8271083F8281083F82910BAF1AA0F01
:109AE80031D0564B4A2202FB0433B3F92E20B3F986
:109AF80030309A42C8D00EDD50494A2000FB04118C
:109B0800B1F91D108A4206DD9942B8BF19464B4A81
:109B180000FB0422D185494A4A2101FB0422B2F9FB
:109B28002E209342B0DD45494A2000FB0411B1F9CB
:109B38001D108A42A8DA8B42A8BF0B463F4A00FB99
:109B48000422D385A0E73F4804F0FAFB3B4B4A22A6
:109B580002FB0433B3F91D20DA85D3F83230A3B100
:109B6800A9EB0303FB3B40F2D462934214D8334B76
:109B78004A2202FB04330022012183F8361083F8BD
:109B8800372083F8382083F839202C4B4A2202FBEF
:109B98000433C3F8329077E7284B4A2202FB043398
:109BA800002283F8362083F8372083F8382083F89A
:109BB8003920EAE7214B02FB0433D3F82630002B87
:109BC80006DD1E4A4A2101FB0422013BC2F8263069
:109BD800BAF1550F7FF461AF1B4804F0B1FB5CE7A5
:109BE800164B4A2202FB0433D3F82A30002B07DD38
:109BF800013B124A4A2101FB0422C2F82A30B3B1C0
:109C08000E4B4A2202FB0433D3F82630002B7FF791
:109C180044AF013B094A4A2101FB0422C2F826301D
:109C2800002B7FF43AAF094804F08AFB35E708486F
:109C380004F086FBE4E7BDE8F08700BF443E00205F
:109C480048F2000860F2000870F2000894F2000878
:109C580080F2000800EB4000024B03EB40039970D0
:109C6800704700BFD83E002030B58DB004460D4681
:109C780000EB40020D4B13F812308B4206D104EB77
:109C880044040A4B03F814500DB030BD08490A6863
:109C9800501C0860019200952246064902A8F6F772
:109CA80001FB02A804F04CFBE9E700BFD83E002006
:109CB80028070020B8F2000810B50020FFF73EFD85
:109CC80020B10120FFF73AFD68B110BD0D4C01230A
:109CD80006222146FFF788FD01230622214600209F
:109CE800FFF782FDEDE7084C0123062221461846BE
:109CF800FFF77AFD0123062221461846FFF774FD77
:109D0800E3E700BFD83E0020DE3E0020F0B587B074
:109D18003C4D4FF48366324600212846F6F71AFE7A
:109D2800394C324600212046F6F714FE4FF0FF3337
:109D3800C5F80834C4F808340024039401270497AC
:109D48000323059304230293304B039302A930485D
:109D5800FBF7D2FF2F4EF36943F00803F361F36971
:109D680003F008030093009B2B4D2C4B2B6040F213
:109D780041336B60AC604FF6FF73EB602C616C6134
:109D8800AC612846FBF7EEFC2846FBF771FC03970D
:109D98000494022305934FF40073029302A9204808
:109DA800FBF7AAFFF36943F00203F361F36903F0D9
:109DB80002030193019B1B4D1B4B2B6040F605537F
:109DC8006B60AC60EF602C616C61AC612846FBF79E
:109DD800C9FC2846FBF74CFC2A68D3683B43D36090
:109DE800224621461D20FBF7BBFE1D20FBF7C8FEBF
:109DF800224621460820FBF7B3FE0820FBF7C0FEE9
:109E080007B0F0BDE43E0020FC4200200000311005
:109E1800000C01400010024014470020000C0040D4
:109E28000010014054470020000400400D4BD3F8B7
:109E38000024D3F804349A4210D00A4AD2F80434E1
:109E4800D05CD2F8043401335942C3F30903C1F397
:109E5800090158BF4B42C2F8043470474FF0FF3035
:109E6800704700BFE43E0020094BD3F80024D3F824
:109E780004349A4209D0064BD3F80004D3F80434CA
:109E8800C01A03D500F5806070470020704700BFF6
:109E9800E43E0020124AD2F80034D2F804249B1A77
:109EA80014D440F2FD32934213DC0D4AD2F8003448
:109EB800D054D2F8003401335942C3F30903C1F333
:109EC800090158BF4B42C2F80034704703F580635C
:109ED800E7E7034AD2F814340133C2F81434704760
:109EE800FC42002070B506460D46104AD2F80034F0
:109EF800D2F804249B1A06D42B4440F2FD32934234
:109F080004DC00240EE003F58063F5E7074AD2F885
:109F180014340133C2F81434002505E0305DFFF72E
:109F2800B9FF0134AC42F9DB284670BDFC42002081
:109F38002DE9F041064688460D464FF47A770AE047
:109F480004F5806411E021463046FFF7CBFF2D1B56
:109F58002644002D10DC25B31FB3013F144BD3F862
:109F68000044D3F80434E41AEAD4C4F57F74013405
:109F7800A542E8DC2C46E6E72046AC42A8BF2846C6
:109F8800FAF7B4FAF9F78EFE07A3D3E90023F9F735
:109F9800E1FEFAF7A1F9FAF7C3FC0230FCF79EF8E4
:109FA800D9E74046BDE8F081ABAAAAAAAAAAF03F21
:109FB800FC42002030B5474B9B68C3F3800C464BEE
:109FC8001B685C6A454B1C60454BD3F80C34E31A9C
:109FD80018D4981C19D4C010552B05DD404B6FF0D0
:109FE8000102C3F808240A203D4BD3F8083413F1C2
:109FF800020F0CD03A4BD3F80834B3F1FF3F4EDBD5
:10A00800002127E003F58033E3E70730E3E7344B2B
:10A0180093F81034002BEDD1314B4FF0FF32C3F8D9
:10A028000824D3F8002400219954E3E74FF0000EE8
:10A038002B4BD3F800545A5D42EA0E025A55284B6E
:10A04800D3F808240132C3F80824D3F80834072BBE
:10A0580014DC0131884222DD214BD3F80834002B6F
:10A06800EDDB1F4BD3F800545A5D52085A5593F84C
:10A078001034002BDAD04FF0800ED9E7184AD2F806
:10A088000034D2F804249B1A0FD440F2FD329342D4
:10A098000EDD134AD2F814340133C2F81434104BCD
:10A0A80083F810C4C3F80C4430BD03F58063ECE7B3
:10A0B8000B4AD2F8003401335942C3F30903C1F300
:10A0C800090158BF4B42C2F800346FF00103C2F8CF
:10A0D8000834E4E7000C0140144700202C07002056
:10A0E800E43E002008B5414B1B681A6912F0010FC5
:10A0F80002D06FF001021A613D4BD3F80024D3F867
:10A1080004349A4264D03A4AD2F80434D35CDBB2BD
:10A11800D2F80824B2F1FF3F22D0354AD2F80824F9
:10A12800072A31DC324AD2F80824134113F0010F10
:10A1380023D001224FF400712E48FBF700FF2C4A70
:10A14800D2F808340133C2F808342B4B1B685B6A19
:10A158002A4AD2F80C249B1A41D44D2B42DC08BD64
:10A1680000224FF400712348FBF7E9FE204AD2F899
:10A1780008340133C2F80834E7E700224FF40071CD
:10A188001C48FBF7DCFEDAE7194BD3F80834082B38
:10A1980006DC01224FF400711648FBF7D0FECEE72B
:10A1A80001224FF400711348FBF7C9FE104AD2F898
:10A1B800043401335942C3F30903C1F3090158BFF9
:10A1C8004B42C2F804346FF00103C2F80834B6E712
:10A1D80001224FF400710748FBF7B1FEB5E703F51C
:10A1E8008033BAE7FFF7E6FEB9E700BF544700201F
:10A1F800FC4200200010014014470020E43E0020EB
:10A20800062811D8DFE800F0041206080A0C0E0030
:10A21800074870470748704707487047074870471E
:10A22800074870470748704700207047064870473E
:10A2380000080140001001400014014000180140CE
:10A24800001C014000200140000C014000000000FB
:10A2580070B582B0404E482200213046F6F77AFBAE
:10A268003E4C622200212046F6F774FB94F8253014
:10A278000025012384F8253094F8263084F82650E8
:10A2880094F8273084F8275094F8283084F8285018
:10A2980094F856304FF0FF3384F8563094F857202E
:10A2A80084F8573094F8582084F8583094F8592096
:10A2B80084F859302A4B1868F9F7F4FC24A3D3E939
:10A2C8000023F9F747FD0022264BF9F76DFEFAF750
:10A2D80003F8B060F062244BDA6942F00402DA61F4
:10A2E800DB6903F004030193019B204C204B23609E
:10A2F8004FF4A0736360A5604FF6FF73E3602561B8
:10A308006561A5612046FBF72DFA2046FBF7B0F9F9
:10A318002268D36843F00103D3602A4601211E2036
:10A32800FBF71EFC1E20FBF72BFC2A4603211720F7
:10A33800FBF716FC1720FBF723FC2A4603212820ED
:10A34800FBF70EFC2820FBF71BFC02B070BD00BF1A
:10A35800EA2E4454FB210940944800202C48002050
:10A36800140200200080564000100240DC48002003
:10A37800000800404DF804BD114B1B68596A89B2AA
:10A38800104BD3E900BC4FEA0C4343EA1B434FEAA6
:10A398000B42891843F10003980040EA91708A0043
:10A3A800521843EB0003901843EB030102460B4697
:10A3B8000549C1E90023D1E900015DF804BB7047F4
:10A3C800DC48002038070020300700202DE9F04F36
:10A3D80083B072B6674B1B68D3F82490664BD3E9F9
:10A3E80000AB664B93F83C70FF2F00F0AA8038460C
:10A3F800FFF706FF8046D8F80830FF2F00F0A4804A
:10A408005E4A92F83D2001269640B6B25B4A92F821
:10A418003E20FF2A00F09A80584A92F83F200125F2
:10A428009540ADB246EA0502544991F84010FF291B
:10A4380000F08E80514991F8411001248C40A4B25B
:10A4480022431340DB43FF2F00F084804B4A92F8ED
:10A458003D1001228A4092B2B3FBF2F303F00703E6
:10A46800474A82F83430454B93F84270FF2F73D037
:10A478003846FFF7C5FE83680193FF2F6ED03F4A29
:10A4880092F843204FF0010C0CFA02FC1FFA8CFCE6
:10A498003A4A92F84420FF2A63D0384A92F8452075
:10A4A8000121914089B24CEA010E344A92F84620C3
:10A4B800FF2A59D0314A92F84720012303FA02F2C1
:10A4C80092B24EEA020E019B03EA0E03DB43FF2F12
:10A4D8004DD02A4F97F843E0012707FA0EF7BFB28D
:10A4E800B3FBF7F303F00703254FFB70D8F80870A8
:10A4F800836837420CBF01260026224806702F4287
:10A508000CBF012500252048057027420CBF0124F7
:10A5180000241E48047013EA0C0F0CBF0124002409
:10A528001B4804700B420CBF012000201949087019
:10A5380013420CBF01220022174B1A7062B6002486
:10A548004AE0DFF8588056E720265FE7402569E7AC
:10A55800802475E720227FE711488CE74FF4806C50
:10A5680096E74FF400619EE74FF48052A9E74FF455
:10A578008067B5E7DC48002038070020007000201D
:10A588002C4800208F480020994700209847002039
:10A59800904800208E48002028480020000C0140E8
:10A5A8000010014004EBC402654B03EB82031A6AF6
:10A5B80001321A62C4EBC403C3EBC302614B1344F8
:10A5C800DA78D2B21A71D3F80500D3F80910C3F8B3
:10A5D8000D00C3F811100134012C00F3AD80C4EB59
:10A5E800C403C3EBC302574B13441A79D2B2DB78C6
:10A5F800DBB29A42EFD0C4EBC403C3EBC303514AA6
:10A6080013441B79002BD5D04F4B53F824104F4AD5
:10A6180042F82410002143F82410C4EBC403C3EB10
:10A62800C303484A134493F82100052083F8210006
:10A6380093F8220083F8221093F8230083F823105C
:10A6480093F8240083F824104FEA0B4141EA1A4199
:10A6580049EA0A40C3F80500C3F80910D3F80570A1
:10A66800D3F80910D3F80D10D3F811007F1A19790F
:10A67800D878C1EBC1010144354850F82110D3F80E
:10A68800252001FB02F203F11805C3F81D202C4B0D
:10A6980004EBC406B20003EB86069958D5F805000A
:10A6A800014499509858F9F721FFFAF739F9D6F883
:10A6B8000880F9F71BFF4146F9F76CFFFAF730F904
:10A6C8003061F761D5F80530002B3FF46BAFE5003A
:10A6D80004EBC4031A4E06EB8306F069F9F702FF90
:10A6E800F9F7E0FA02460B4600201A49F9F75CFC34
:10A6F800F9F7CAFD2B1BC3EBC303124D1D44D5F854
:10A708001D3003FB00F07060B768F069F9F7EAFEE6
:10A7180001463846F9F7F2FF0746D5F81D00F9F764
:10A72800E5FE01463846F9F735FF0B49F9F732FFE0
:10A73800FAF7F6F8B0613DE703B0BDE8F08F00BF67
:10A74800944800202C480020F806002040070020EC
:10A75800DC00010800400F410050C3471C4B1B6838
:10A768001A6912F0010F32D010B46FF001021A61A9
:10A77800184CD4E90023501C43F10001C4E900013E
:10A78800002309E003EBC301134A02EB8102002115
:10A7980051609161D1610133012B16DCC3EBC30217
:10A7A800C2EBC2010D4A0A442032D2F80120002A25
:10A7B800E8DDC3EBC302C2EBC201084A0A44D2F87F
:10A7C80021100139C2F82110E5E710BC7047704725
:10A7D800DC48002038070020944800202C4800203E
:10A7E8002DE9F0439BB005460F46534C2268534968
:10A7F80006A8F5F757FD06A803F0A2FDD4F80080D7
:10A808004F4B1C6804EBD4746410013C00E0013C1D
:10A81800002C05DD38F814304FF6FF76B342F6D039
:10A82800002C00DD01342246464906A8F5F73AFD1A
:10A8380006A803F085FDFAF753FA08EB4408404BE5
:10A848001B68A3EB440407F1010909EBD9794FEA26
:10A85800690909F10102B4EB420F02DB4646002404
:10A868002FE0354AD2F8008003F2FF73002B16DB85
:10A87800DB120593CDF8108000230293019301A900
:10A8880002A8FBF7E7F9024660B9059B049A2E492E
:10A8980006A8F5F707FD06A803F052FDDEE703F268
:10A8A800FF73E5E7294906A8F5F7FCFC06A803F0BD
:10A8B80047FDFAF729FA4FF0FF302DE0023602354E
:10A8C8000134A14514DD2A88002331460120FAF716
:10A8D80059FA02460028F1D01D4906A8F5F7E2FC0E
:10A8E80006A803F02DFDFAF70FFA4FF0FF3013E03A
:10A8F8003A46FB1731460120FAF744FA024670B986
:10A908003B464246134906A8F5F7CCFC06A803F0D7
:10A9180017FDFAF7F9F938461BB0BDE8F0830C4982
:10A9280006A8F5F7BFFC06A803F00AFDFAF7ECF94C
:10A938004FF0FF30F0E700BF1C020020D4F20008FF
:10A9480018020020E8F2000800F30008F0F20008FE
:10A9580030F3000840F3000830B5A9B00C46204B8E
:10A968001A68204B1B6803EBD3735B10013B00E0B4
:10A97800013B002B05DD32F813E04FF6FF7CE6457E
:10A98800F6D0002B1DDD32F813C00CF1010149107F
:10A998004900C1EB4301511808D2A44500DC6446C4
:10A9A8002246F6F77FFA204629B030BD1A460E49EE
:10A9B8006846F5F777FC684603F0C2FC4FF0FF30B5
:10A9C800F2E714AC094D0FCD0FC495E8070084E8F1
:10A9D800070014A803F0B4FC4FF0FF30E4E700BF11
:10A9E8001C020020180200205CF3000880F3000815
:10A9F8007047FEE7FEE7FEE7FEE7704770477047DF
:10AA080008B5FBF75DFBFBF7FCF808BD014B01221D
:10AA18005A61704700040140014B02225A61704795
:10AA28000004014008B5034B04225A61FFF7C2FA3B
:10AA380008BD00BF00040140014B08225A6170475D
:10AA480000040140014B10225A6170470004014084
:10AA580010B5484B5C6914F4007402D04FF40074CC
:10AA68005C61444B5B6913F4807F05D0414B4FF424
:10AA780080725A6144F400743E4B5B6913F0800F96
:10AA880003D03C4B80225A6114433A4B5B6913F064
:10AA9800400F03D0374B40225A611443354B5B6952
:10AAA80013F0200F03D0334B20225A611443324B4A
:10AAB80093F83C30FF2B47D02F4B93F83D200123D0
:10AAC80093409BB22C4A92F83E20FF2A3ED02A4A55
:10AAD80092F83F1001228A4092B21343264A92F814
:10AAE8004020FF2A34D0244A92F8411001228A409B
:10AAF80092B21343204A92F84220FF2A2AD01E4AD3
:10AB080092F8431001228A4092B213431A4A92F8EB
:10AB18004420FF2A21D0184A92F8451001228A4081
:10AB280092B21343144A92F84620FF2A18D0124AC8
:10AB380092F8471001228A4092B21343234212D15D
:10AB480014F0040F12D110BD2023BBE74022C4E744
:10AB58008022CEE74FF48062D7E74FF40062E0E747
:10AB68004FF48052E9E7FFF731FCE9E7FFF722FAF3
:10AB7800E9E700BF000401400070002010B54E4B0B
:10AB88005C6914F4004402D04FF400445C614A4B01
:10AB98005B6913F4804F04D0474B4FF480425A61ED
:10ABA8001443454B5B6913F4005F04D0424B4FF4E8
:10ABB80000525A611443404B5B6913F4805F04D020
:10ABC8003D4B4FF480525A6114433B4B5B6913F47D
:10ABD800006F04D0384B4FF400625A611443364B6F
:10ABE8005B6913F4806F04D0334B4FF480625A6171
:10ABF8001443324B93F83C30FF2B47D02F4B93F83C
:10AC08003D20012393409BB22C4A92F83E20FF2A14
:10AC18003ED02A4A92F83F1001228A4092B213434A
:10AC2800264A92F84020FF2A34D0244A92F841104C
:10AC380001228A4092B21343204A92F84220FF2A06
:10AC48002AD01E4A92F8431001228A4092B2134336
:10AC58001A4A92F84420FF2A21D0184A92F845103F
:10AC680001228A4092B21343144A92F84620FF2ADE
:10AC780018D0124A92F8471001228A4092B2134320
:10AC8800234212D114F0040F12D110BD2023BBE7C8
:10AC98004022C4E78022CEE74FF48062D7E74FF422
:10ACA8000062E0E74FF48052E9E7FFF78FFBE9E73E
:10ACB800FFF780F9E9E700BF0004014000700020B9
:10ACC80008B50248FEF7E0FC08BD00BF004400409C
:10ACD80008B50248FEF7FEFC08BD00BF004800406A
:10ACE80010B50446FBF7F4F9A36AC01AE36A984260
:10ACF80034BF0020012010BD2DE9F84390F8303012
:10AD0800002B44D004460368D3F80080836841468A
:10AD18001868F9F735FB0646256A01462069F9F7F0
:10AD280039FC01462846F9F72DFB07462062E569FC
:10AD38002946F9F7EBFD00282BD02562616A4046C9
:10AD4800F9F71EFB07463146E068F9F723FC216A4C
:10AD5800F9F718FB064639466069F9F71BFC014606
:10AD68003046F9F70DFB064601462846F9F7B0FDCF
:10AD780030B9A56931462846F9F7C8FD00B9354606
:10AD880063681D60C4F82480FBF7A2F9A062BDE8DF
:10AD9800F883D4F8189049463846F9F799FD002801
:10ADA800CCD0C4F82090C9E72DE9F84304460D46F5
:10ADB80016461F4600212846F9F78AFD08BB0021E0
:10ADC8003046F9F785FDE0B900213846F9F780FDEE
:10ADD800B8B9E06AF9F786FB1349F9F78FFC8046A2
:10ADE800E56001463046F9F7D5FB814620614146CA
:10ADF8003846F9F783FC0646606194F83130012B38
:10AE080001D0BDE8F88329460020F9F7B9FAE060D7
:10AE180049460020F9F7B4FA206131460020F9F7D5
:10AE2800AFFA6061EDE700BF00007A442DE9F04118
:10AE380004460E46154611463046F9F75DFDA8B999
:10AE4800A661E56194F8303083B16768D7F800806F
:10AE580029464046F9F75AFD50B13D60256AE66932
:10AE680031462846F9F752FD50B12662BDE8F08117
:10AE780031464046F9F72CFD0028EFD03E60EDE75B
:10AE8800A66931462846F9F723FD0028EED0266248
:10AE9800ECE790F83030DBB970B5044643681D68BC
:10AEA800056203681B684362C66931462846F9F79C
:10AEB8002DFD20B12662012384F8303070BDA669CB
:10AEC80031462846F9F704FD0028F4D02662F2E757
:10AED800704738B504460D4690F8303093B190F875
:10AEE80031308B420ED0C1680020F9F749FAE06092
:10AEF80021690020F9F744FA206161690020F9F717
:10AF08003FFA606184F8315038BD000038B5044616
:10AF1800016042608360002580F830500B4A0021B0
:10AF2800FFF784FF6423E36229462046FFF7D1FF39
:10AF3800069B059A04992046FFF736FFFBF7C8F8E9
:10AF4800E36AC01AA062204638BD00BF00007F43F4
:10AF5800884201D3401A7047401A013870472DE9DA
:10AF6800F04D82B00446456EFBF7B2F8014628461C
:10AF7800FFF7EEFF82462067D4F80080D8F800007B
:10AF8800A368C01AF8F77CFE06460F46656828686D
:10AF9800E368C01AF8F774FECDE90001A06EF8F76F
:10AFA8006FFE32463B46F8F7D5FE06460F4650463A
:10AFB800F8F756FE82468B4602460B46304639461F
:10AFC800F8F7F2FFD4E9166732463B46F8F7C2FEB7
:10AFD800C4E90801E06EF8F753FEDDE90023F8F74D
:10AFE800B9FE52465B46F8F7DFFF02460B4630468D
:10AFF8003946F8F7AFFEC4E90A01D8F80030A36073
:10B008002B68E360FBF764F8606602B0BDE8F08D7A
:10B018002DE9F04180460D4616461F468021012045
:10B02800F5F78EFC044601238366C366C0F80080EA
:10B038004560C0E90C6700220F4BDDE90601F8F70F
:10B0480089FEC4E91201DDE90823C4E91023324668
:10B058003B4607A1D1E90001F8F7A6FFC4E91601AC
:10B068000A9BA3672046BDE8F08100BFAFF30080CC
:10B07800D1954A702F8BB8400000E03F00000000D7
:10B088002DE918481C4619B1D0E904BCC1E900BC37
:10B098001AB1D0E906BCC2E900BC84B1836F83B1A0
:10B0A8000BA3D3E9002300F15001D1E90001F8F71F
:10B0B8007BFF0022084BF8F74DFEC4E90001BDE80C
:10B0C8001888D0E91423C4E90023F8E7AFF3008017
:10B0D800EA2E4454FB210940008066402DE9F04FD8
:10B0E80085B00446056EFAF7F3FF01462846FFF7D8
:10B0F8002FFF606710B905B0BDE8F08F2046FFF755
:10B108002EFF606FF9F7EEF95649F9F7F7FA064698
:10B11800D4E9128942464B46D4E90801F8F71AFEE9
:10B12800F9F7DAF80746D4E90A2340464946F8F71A
:10B1380011FEF9F7D1F8054601463846F9F722F924
:10B148004FF07C51F9F726FA804639462846F9F738
:10B1580017F9F8F7A7FDD4E91023F8F725FFF9F751
:10B16800BBF80546A063D4E904AB41463046F9F77D
:10B1780011FAF8F797FD8046894631462846F9F7CF
:10B1880009FA05464FF07C51F9F704FAF8F78AFDF9
:10B1980006460F46F8F7FEF900224FF08043F8F70D
:10B1A80023FC02460B4640464946F8F7D3FDCDE955
:10B1B8000001D4E9148942464B4630463946F8F72F
:10B1C80013FC02460B46CDE90223F8F7E3F90246E1
:10B1D8000B46DDE90001F8F7BDFD0022224BF8F728
:10B1E800E3FE02460B4650465946F8F7FDFBF9F7D1
:10B1F80073F88246D4E90667DDE90201F7F730FA09
:10B2080002460B46DDE90001F8F7A4FD0022164BC3
:10B21800F8F7CAFE02460B4630463946F8F7E4FB13
:10B22800F9F75AF806462846F8F73CFD02460B4659
:10B2380040464946F8F7D8FBF9F74EF80546504618
:10B24800F8F730FDC4E904013046F8F72BFDC4E9EE
:10B2580006012846F8F726FDC4E91401FAF738FF75
:10B26800206648E700007A440000084000220023D6
:10B27800C0E90423C0E9062303681B6883604368A8
:10B288001B68C36019B100220023C0E9142370476A
:10B29800002070477047704700207047572A00D039
:10B2A8007047002BFCD008B572225A70194600F07E
:10B2B800ADFF08BDD1B110B50C4691F804E00EF20F
:10B2C8000A3300EB83035B681B69002105E013F870
:10B2D80001CB621882F805C001310EF20A3200EB88
:10B2E8008202526852698A42F1DC10BD7047E9B1A6
:10B2F80030B5C3B004460D46FFF7DCFF4FF481724A
:10B30800294601A8F5F7CEFD2B7903F20A3304EBA1
:10B3180083035B685B698DF8073072238DF805300D
:10B3280001A9204600F072FF43B030BD70478C463B
:10B33800F1B10B7903F20A3300EB83035B681A69F6
:10B34800002107E013460CEB0102527903F8012BA8
:10B3580001311A469CF8043003F20A3300EB8303E8
:10B368005B685B698B4203DD9CF803308B42E9DC48
:10B378007047C9B130B5C3B004460D46FFF7D7FFD3
:10B388004FF48172294601A8F5F78CFD01238DF849
:10B39800073077228DF805208DF8093001A920465D
:10B3A80000F034FF43B030BD704708B51946722A23
:10B3B8000FD006D8522A09D0572A09D1FFF7D9FF4A
:10B3C80006E0732A04D1FFF775FF01E0FFF78FFF4E
:10B3D80008BDFFF7ACFFFBE7F8B506460D46144677
:10B3E8001F46572A08D0722A06D03B4622462946CD
:10B3F8003046FFF7DAFFF8BD6A6900212869F5F7DA
:10B40800A9FAF2E770B5064615461C46FFF7E4FFB1
:10B41800572D02D0722D00D070BD002CFCD0E378DF
:10B428000E2BF9D1002200E00132092A08DCC2EB18
:10B43800C20306EB430393F8281163799942F3D1C9
:10B448000A2A1AD0092AE7DCD4F80630092BE3D9EE
:10B45800C2EBC20206EB4206D4F80510D4F8092064
:10B46800D4F80D30C6F82811C6F82C21C6F83031AA
:10B47800B4F81130A6F83431CEE70022092AE1DC0D
:10B48800C2EBC20306EB430393F82831002BD9D053
:10B49800C2EBC20306EB4303D3F82D31002BD1D006
:10B4A8000132EBE770B504461546522A01D0732ADB
:10B4B80036D1D4F8C022D4F8FC071044284A1060CA
:10B4C800D4F8C402D4F8006830445060D4F8C802F4
:10B4D800D4F8046830449060D4F8D002D4F80C68EA
:10B4E80030441061D4F8CC02D4F808683044D060F5
:10B4F800D4F8D402D4F8106830445061D4F8DC028F
:10B50800D4F818683044D061D4F8E002D4F81C6844
:10B5180030441062D4F8D802D4F8146830449061EA
:10B528002A462046FFF758FF572D01D0722D16D115
:10B53800DFF82CC004F53075E646BEE80F000FC5ED
:10B54800BEE80F000FC5DEF800602E6004F2FC7440
:10B55800BCE80F000FC4BCE80F000FC4266070BD24
:10B5680048070020F8B504468E4615461F46522A5D
:10B5780001D0732A0BD1114E04F5307CBCE80F00C2
:10B588000FC6BCE80F000FC6DCF8003033603B463E
:10B598002A4671462046FFF71FFF572D01D0722D0E
:10B5A8000BD104F5307C054C0FCCACE80F000FCC68
:10B5B800ACE80F002368CCF80030F8BD480700203D
:10B5C800F8B504468E4615461F46522A01D0732AFE
:10B5D8000BD1114E04F2FC7CBCE80F000FC6BCE88E
:10B5E8000F000FC6DCF8003033603B462A46714630
:10B5F8002046FFF7F1FE572D01D0722D0BD104F232
:10B60800FC7C054C0FCCACE80F000FCCACE80F006D
:10B618002368CCF80030F8BD48070020522A02D031
:10B62800732A00D0704708B5FFF7BFFE08BD0000B9
:10B638002DE9F04F83B00746019190460093522AB6
:10B6480001D0732A5ED1009A002A5BD0D3788BB1DF
:10B6580092F80590012B10D9009B93F806B009EBDE
:10B668000B03FF2B01D9C9F5807B4D46304C0026D2
:10B67800B24616E04FF00009ECE74FF0640BEEE736
:10B6880000201EE005F20A3307EB83035B68596864
:10B69800201DF4F777FE3444254EA61B0AF1010A53
:10B6A800013509EB0B03AB4224DD05F20A3307EB46
:10B6B80083035B68002BF3D058680028E0D0F4F7C8
:10B6C80013FE33180533FB2B14D8461DF6B226702B
:10B6D80005F20A3307EB83035A68127862705A68D6
:10B6E8005269A2705B681B7BE3700028CAD10023F3
:10B6F8002371D0E70F4B83F8009083F801A002363E
:10B70800019B5E61009B424601993846FFF786FF20
:10B71800B8F1520F05D0B8F1730F02D003B0BDE8ED
:10B72800F08F009B002BF9D00023019A5361F5E7B5
:10B738001E4A00201C4A002051B14A69FD2A09D836
:10B748000A7802F20A3200EB82004160002070475A
:10B7580001207047012070472DE9F04180460D46D1
:10B7680017460024264620E01C20F5F711FC014668
:10B77800C4EBC40205EB820355F822C058689A68E6
:10B78800D3F80CE0C1F800C048608A60C1F80CE04A
:10B79800D3F810C058699A69C1F810C048618A6125
:10B7A8004046FFF7C9FF06440134BC42DCDB3046A3
:10B7B800BDE8F08130B4029CFD2C10D801F20A3C9F
:10B7C80000EB8C0CDCF804505DB12A73DCF8042023
:10B7D8001361DCF804305C61002030BC7047012044
:10B7E800FBE70120F9E701F20A3100EB8100436829
:10B7F80013B19A61002070470120704770B5C2B03C
:10B80800044641F254220021F5F7A4F84FF4FA73E4
:10B81800C4F818316423C4F81C31012525701B4B6A
:10B82800C4F82031C4F8243184F8B75284F8B852E7
:10B8380084F8F35784F8F457232215492046FFF774
:10B848008BFF064604F58053C3F85052204600F09B
:10B8580011FF4FF48172002101A8F5F77BF802234C
:10B868008DF8043004238DF8073072238DF80530E5
:10B87800FE238DF80830074B1B68CDF8093001A965
:10B88800204600F0C3FC304642B070BDA1B20008AB
:10B89800A00101082002002010B50B464A78A2F149
:10B8A8003F01382900F2A480DFE801F093A2A284C6
:10B8B800A2A2A2A2A2A2A2A2A2A2A2A2A2A2A22AD8
:10B8C800A28DA2A26FA2A2A2A2A2A2A2A2A2A2A298
:10B8D800A2A2A2A2A2A2A2A2A2A2A2A2A2A2A23EA4
:10B8E8001DA2A2A25900197901F20A3100EB8101C7
:10B8F8004968002966D08C69002C63D0A04761E0B4
:10B90800197901F20A3100EB8101496821B18C698A
:10B91800002C57D0A04755E00022DA7072225A70E6
:10B92800194600F073FC4DE0197901F20A3100EB79
:10B938008101496821B18C69002C43D0A04741E0BE
:10B948001B78022B05D0D0F81C380133C0F81C38FE
:10B9580038E0D0F8E0320133C0F8E03232E01A794A
:10B9680002F20A3200EB820252685ABB1B78022BA1
:10B9780005D0D0F81C380133C0F81C3822E0D0F8C4
:10B98800E0320133C0F8E0321CE0197901F20A31E3
:10B9980000EB8101496819B18C699CB1A04711E09D
:10B9A8000122DA7077225A7000225A71194600F083
:10B9B8002DFC07E0194B1B684FF4FA709847184B99
:10B9C8001B68984710BD74225A70194600F01EFC77
:10B9D800F8E71B78022B05D0D0F818380133C0F8E7
:10B9E8001838EFE7D0F8DC320133C0F8DC32E9E789
:10B9F8001A78022A0CD0D0F818280132C0F8182872
:10BA08003F225A700022DA70194600F0FFFBD9E78E
:10BA1800D0F8DC220132C0F8DC22F1E7280200204D
:10BA280024020020D0F80024D0F804349A4210D020
:10BA3800D0F80434C25CD0F8043401335942C3F35B
:10BA48000903C1F3090158BF4B42C0F80434D0B20E
:10BA580070474FF0FF32FAE7D0F80034C154D0F8FD
:10BA6800003401335A42C3F30903C2F3090258BF31
:10BA78005342C0F80034704710B584B00446011D25
:10BA8800C27800920B4602A800F082FE029B012BAE
:10BA980008D0012B0CD9DBB2023BE3709DF80C00F7
:10BAA80004B010BD0023E370227962712371F5E7B9
:10BAB8004FF0FF30F4E710B584B00446011DC2789A
:10BAC80000920B46013202A800F0FCFD029B23B154
:10BAD800E3709DF80C0004B010BD4FF0FF30FAE79A
:10BAE800437890F90120002A05DB0422027003F054
:10BAF8007F034370704702220270F8E70378022B35
:10BB080003D0042B09D001207047437863F07F03EA
:10BB180043700023037018467047437803F07F038F
:10BB28004370002303701846704738B505460C4625
:10BB38000B782BB9E17804312046A847002038BD9E
:10BB48000846FFF7DBFF024610BB237861785B42AB
:10BB58005B1ADBB2A1785B1ADBB2E1785B1ADBB265
:10BB6800207938B10131E17004E0A11809795B1A34
:10BB7800DBB20132E1789142F7DC224413710131E2
:10BB8800E1702046FFF797FF0028D3D00220D6E7C0
:10BB98000120D4E700B583B002238DF8003041239B
:10BBA8008DF801308DF8021000238DF803308DF8E0
:10BBB80004308DF805308DF806306946FFF7B5FF7B
:10BBC80003B05DF804FB00B583B0022A02D0042A52
:10BBD80000D0022201B901218DF800204E238DF8F2
:10BBE80001308DF8021000238DF803308DF80430F1
:10BBF8008DF805308DF806306946FFF796FF03B0DB
:10BC08005DF804FBD0F80024D0F804349A4208D038
:10BC1800D0F80034D0F80404181A03D500F5806071
:10BC2800704700207047F8B505460E46FFF7EAFF53
:10BC380008B90020F8BD2846FFF7F4FE3070284602
:10BC4800FFF7F0FE70702846FFF7ECFE0746B0706D
:10BC5800341D2846FFF7E6FEF070002605E028466A
:10BC6800FFF7E0FE04F8010B0136B742F7DC0120CC
:10BC7800E0E7000038B50446002962D00B460A7890
:10BC8800022A26D0022A2BD0042A40F0B78004F5D5
:10BC9800DE65DA78053219462846F5F703F994F88F
:10BCA800F3370133DBB284F8F33713B9012384F88F
:10BCB800F33794F8F33784F8F236D4F804380133BC
:10BCC800C4F804382946D4F82001FFF72EFF0020D5
:10BCD80038BD90F815110129D4D14FF0FF30F7E79E
:10BCE80094F815110029CFD104F5DA75DA78053200
:10BCF80019462846F5F7D6F894F8B7320133DBB27F
:10BD080084F8B73213B9012384F8B73294F8B732FC
:10BD180084F8B631D4F8C8320133C4F8C832294699
:10BD2800D4F82001FFF701FF012384F81531364BC1
:10BD38001B689847C4F8BC02022384F8B632002076
:10BD4800C6E790F815312BB900F539752846FFF785
:10BD580059FF28BB04F2F16104F50260FFF763FFA5
:10BD680000284ED0042384F8F03694F8F3370133D2
:10BD7800DBB284F8F33713B9012384F8F33794F866
:10BD8800F33784F8F236D4F804380133C4F80438A9
:10BD980004F5DE61D4F82001FFF7C7FE002097E71D
:10BDA80004F2B5112846FFF73EFF022384F8B431A8
:10BDB80094F8B7320133DBB284F8B73213B90123F0
:10BDC80084F8B73294F8B73284F8B631D4F8C83268
:10BDD8000133C4F8C83204F5DA71D4F82001FFF74A
:10BDE800A4FE012384F81531074B1B689847C4F853
:10BDF800BC02022384F8B632002069E74FF0FF3016
:10BE080066E74FF0FF3063E72C02002070B5C2B040
:10BE180005464E4B1B689847686095F81531012B0D
:10BE280010D000212846FFF725FF2B7A43B1052BB8
:10BE380038D16B68EA689B1AD5F81C21934225D83B
:10BE4800002441E0D5F8BC32C01AD5F81831984220
:10BE5800E7D995F8B6321BB9002385F81531E0E724
:10BE6800D5F8CC320133C5F8CC3205F5DA71D5F8FE
:10BE78002001FFF75AFE354B1B689847C5F8BC02EE
:10BE880095F8B632013B85F8B632CAE7297D01310B
:10BE9800AA7CC9B2D5F82001FFF795FE0023EB6014
:10BEA8002B72CDE76B68EA689B1AD5F81C21934280
:10BEB800C6D9AA7C297DD5F82001FFF784FE002386
:10BEC800EB602B72BCE70134092C3DDCC4EBC403E6
:10BED80005EB430393F82861002EF4D0C4EBC403A8
:10BEE80005EB4303D3F82D31002BECD0C4EBC4038E
:10BEF80005EB4303D3F832216B689A42E3D84FF439
:10BF08008172002101A8F4F725FD52238DF8053030
:10BF18008DF80860C4EBC40605EB460696F8313187
:10BF28008DF8043001A92846FFF7B6FC6B68D6F8EF
:10BF380029211344C6F83231D6F82D31002BC2DD41
:10BF4800013BC6F82D31BEE742B070BD2C0200207F
:10BF580038B504460D46AC4B1B689847E0603DB1C8
:10BF6800237A052B17D8DFE803F01E2A2E32381E55
:10BF7800237A5BB1013BDBB2012B0DD8217D013166
:10BF8800A27CC9B2D4F82001FFF71DFEA5740023D6
:10BF980023740123237238BDA27C217DD4F82001AB
:10BFA800FFF711FEF2E7237813B905232372F2E7AE
:10BFB8000023E3602946204600F08AFAEBE7E5749F
:10BFC80002232372E7E7257503232372E3E76575E8
:10BFD8000023637404232372DDE7627C531CDBB205
:10BFE800637422449575627D9342D4D10023E36043
:10BFF800237204F112052846FFF73EFD58B9A37CC9
:10C00800E27C1344DBB2227D1344DBB2607D03443F
:10C01800237400230CE0A27C217DD4F82001FFF7D3
:10C02800D2FDECE7227CE118897D0A4422740133B1
:10C03800421C9A42F6DA2846FFF752FDA27C022AF1
:10C0480005D0042A00F08E8000232372A3E7E37C46
:10C05800412B21D04E2B44D0237C002B77D194F850
:10C06800B832217D8B4278D0D4F8C4220133CB1A60
:10C078001A44C4F8C422D4F82001FFF78BFD237DAD
:10C0880084F8B832D4F8C0320133C4F8C032294633
:10C098002046FFF701FCD7E794F81531012B05D0AE
:10C0A800D4F8D4320133C4F8D432CDE7227D94F8E1
:10C0B800B6319A4205D0D4F8D4320133C4F8D43218
:10C0C800C2E70023C4F8BC3284F8153104F539708E
:10C0D800FFF798FD0028B7D000212046FFF7CAFDDA
:10C0E800B2E794F81531012B05D0D4F8D8320133D2
:10C0F800C4F8D832A8E794F8B632ABB1D4F8CC3249
:10C108000133C4F8CC3204F5DA71D4F82001FFF712
:10C118000CFD3D4B1B689847C4F8BC0294F8B63236
:10C12800013B84F8B6328FE7002384F81531D4F840
:10C13800D0320133C4F8D03204F53970FFF762FD0C
:10C14800002881D000212046FFF794FD7CE7217D5F
:10C15800D4F82001FFF737FD76E7D4F82001FFF780
:10C1680019FD71E7E37C412B1DD04E2B21D0237C98
:10C17800002B43D194F8F437227D93423FF464AF07
:10C18800D4F800180133D31A1944C4F8001884F8F5
:10C19800F427D4F8FC370133C4F8FC372946204685
:10C1A800FFF77AFB50E7D4F810380133C4F8103899
:10C1B8004AE794F8F23783B1D4F808380133C4F861
:10C1C800083804F5DE61D4F82001FFF7AEFC94F8D6
:10C1D800F237013B84F8F23736E7D4F80C380133EC
:10C1E800C4F80C3804F50260FFF70CFD00283FF492
:10C1F8002BAF00212046FFF73DFD25E7217DD4F830
:10C208002001FFF7E0FC1FE72C020020F8B50546E7
:10C218000C460B78022B04D0042B2DD1FFF72AFDF6
:10C22800F8BD00F539773846FFF7ECFC95F815317D
:10C23800012B00D048B1E6780436304440F2FD3393
:10C24800984207DC0134002512E021462846FFF712
:10C2580011FDE5E7D5F8EC360133C5F8EC364FF0BB
:10C26800FF30DDE714F8011B3846FFF7F5FB013511
:10C27800B542F7DB0120D3E74FF0FF30D0E7F0B548
:10C28800C3B0D0F8C46C56B307460C4615460846EA
:10C29800F4F72AF87369984224D84FF48172002180
:10C2A80001A8F4F757FB8DF804502046F4F71CF862
:10C2B800431C8DF8073057238DF8053026238DF859
:10C2C800083021460DF10900F4F75CF801A9384659
:10C2D800FFF79CFF2046F4F707F843B0F0BD4FF096
:10C2E800FF30FAE74FF0FF30F7E7000010B494464C
:10C2F80000F58050002380F84C320A4C0FCCCCF863
:10C308000000CCF80410CCF80820CCF80C3003CC92
:10C31800CCF81000CCF8141023788CF818300120D1
:10C3280010BC7047F4F500082DE9F84380460E4626
:10C3380017460846F3F7D8FF04462248F3F7D4FF18
:10C34800844201D3002426E041221F493846F4F7ED
:10C35800A9FD0120BDE8F88341221B493846F4F7BE
:10C36800A1FDF6E7AE46BEE80F00CCF80000CCF819
:10C378000410CCF80820CCF80C3075460CF1100CE1
:10C38800CE45EFD1DEF80000CCF80000BEF804304E
:10C39800ACF8043001340B48F3F7A6FFA042D8D913
:10C3A800325D084B1B5D9A42D6D10A2CF2D108F5B2
:10C3B8008053012283F84C22044DBC4605F1200924
:10C3C800D0E700BF3002002010F6000854F600083D
:10C3D8002DE9F043ADF5017D8046914600278DF8A3
:10C3E80000701CE08025D8F824312946304698474B
:10C3F8002E44641B002C03DD802CF3DC2546F2E779
:10C4080040F2FF1217496846F4F7D2FDD8F82441E4
:10C418006846F3F769FF01466846A0470137FF2FD2
:10C4280017DC114B03EBC7035E68002EF6D03046CD
:10C43800F3F75AFF0446FAB20C496846F3F732FF9D
:10C44800D8F824516846F3F74FFF01466846A847D5
:10C45800D0E7002389F8003001200DF5017DBDE803
:10C46800F08300BFF8F900086C0700207CF600088C
:10C478000A4B43F8301003EBC0035A60A0F14103A4
:10C48800DBB2192B08D840F02000044B43F83010D9
:10C4980003EBC00300225A60704700BF6C0F0020F6
:10C4A8000A4B43F8301003EBC0035A60A0F1410374
:10C4B800DBB2192B08D840F02000044B43F83010A9
:10C4C80003EBC00300225A60704700BF6C070020CE
:10C4D8002DE9F04182B004468DF8071000F580532D
:10C4E800DB6A83B100F58053D3F848325BB9C9B22F
:10C4F8005B4B53F8313033B100F58252083298471C
:10C50800002840F0A9809DF807300D2B11D00A2B88
:10C518000FD004F58052D2F84822132A18DC04F50B
:10C528008051501CC1F84802224441F2340153544E
:10C538000EE0D4F8203101210DF10700984704F5E9
:10C548008053D3F84832002B23DC3E238DF8073084
:10C5580004F5805393F848307BB1D4F8206104F592
:10C56800825508352846F3F7BFFE01462846B047EE
:10C5780004F58053002283F848209DF807302BB13A
:10C58800D4F8203101210DF10700984702B0BDE829
:10C59800F081234441F2340100275F5404F58255A9
:10C5A8000835661832462F492846F3F77BFED4F83B
:10C5B80020812846F3F798FE01462846C04704F52F
:10C5C800805383F8487093F94C322BB904F58053A3
:10C5D80093F83430752B16D104F5805393F8342032
:10C5E800214B53F8323093B32A46314620469847B8
:10C5F80004F58053002283F83420C3F848223E23F0
:10C608008DF80730A4E7194F2E4607F1300EBC46C7
:10C61800BCE80F0030607160B260F36067461036A6
:10C62800F445F4D103CF306071603B783372D4F8AD
:10C6380020612846F3F758FE01462846B04704F51E
:10C648008054002384F83430C4F848329EE70849FF
:10C658002846F3F727FECBE73E238DF8073077E728
:10C668006C0F002084F600086C0700208CF6000888
:10C67800C8F6000800F580531B6B0BB1002070470B
:10C6880010B50446094A0A494C20FFF709FF094A30
:10C6980009497520FFF704FF084A09493F20FFF7B9
:10C6A800FFFE04F580540120206310BDE8F6000861
:10C6B800F5C20008FCF6000831C3000820F700089E
:10C6C800D9C300082DE9F043079E002404600471D3
:10C6D8009F198D181A7881B101F1010E86B9884623
:10C6E8004FF0010C0022A84547D3037943F0020319
:10C6F80003716D1A0560BDE8F08301230371FAE741
:10C7080088464FF0010C4FF0000914E00223037132
:10C718004A46E8E7164615E0744604F8012B0CF182
:10C72800010C5FFA8CFCBB4225D2BCF1FF0F15D07F
:10C7380091463246A646AE45E8D25C1CBC42E9D8D2
:10C748005E782346002AE7D188F800C00EF101047C
:10C75800BB420BD2F0464FF0010CE9E788F800C065
:10C76800A0460EF102044FF0010CE1E7F046A646A0
:10C778004FF0010CB7E7A646B5E7624503D288F843
:10C7880000C07546B5E788F800200EF1FF35B0E720
:10C798002DE9F0410C46069F002101600171DE1968
:10C7A800A5181CB113B15FB1A44622E0012303719F
:10C7B80006E0037943F004030371ACEB040404605E
:10C7C800BDE8F0810CF8011B013AD2B252B113F85E
:10C7D800011B0029F6D190F804E04EF0040E80F811
:10C7E80004E0EFE7FF2F04D0AC4517D200220CF885
:10C7F800012B13F8017B002FDBD0F21A07F1FF3E63
:10C80800964510D27246A5EB0C018E4504D90279E3
:10C8180042F0020202710A46D2B2D7E7037943F026
:10C8280002030371C9E7A5EB0C06B24205D90179E9
:10C8380041F002010171F6B205E01646FBE70CF87B
:10C84800011B013EF6B256B113F8011B0029F6D1BF
:10C8580090F8048048F0040880F80480EFE79645D3
:10C86800ABD9AC4504D3037943F002030371A4E7C1
:10C878000CF8017BA1E70000062811D8DFE800F0DA
:10C88800041206080A0C0E0007487047074870474C
:10C898000748704707487047074870470748704778
:10C8A800002070470648704700080140001001400A
:10C8B8000014014000180140001C01400020014004
:10C8C800000C0140000000002DE9F04F87B014462D
:10C8D8004139362961D8DFE811F03A01600060007B
:10C8E8003900600060006000600060006000600067
:10C8F80060006000600060006000600060003B0055
:10C908006000600060003700600060006000600048
:10C91800600060006000600060003A016000600034
:10C928003900600060006000600060006000600026
:10C9380060006000600060006000600060003B0014
:10C948006000600060003700012103E0012300E17E
:10C958004FF0FF31B24B1B781BB9B24A1360B24A91
:10C968001360AF4B01221A70B04B00221A60B04B13
:10C978001B68022B15D0032B7ED0012B0DD1AD489F
:10C988000268642301FB03F31A44026041680B4404
:10C998004360A9492046F3F785FC012007B0BDE8AC
:10C9A800F08F01EB81019F4B1D6805EB41051D6070
:10C9B8002846F7F765F90022A04BF7F7CBF982462E
:10C9C8008B46994BD3F800904846F7F759F900225F
:10C9D8009A4BF7F7BFF906460F4602460B465046F4
:10C9E8005946F6F7FFFF02460B46CDE9042300221D
:10C9F800934BF7F73FFC68B987A3D3E90023DDE938
:10CA08000401F7F719FC20BBDDE90401F7F73CFC4A
:10CA1800804601E04FF47A788A4BC3F804803246A6
:10CA28003B4650465946F6F7DFFF06460F460022BA
:10CA3800834BF7F71FFC78B977A3D3E90023304677
:10CA48003946F7F7F9FBA8B930463946F7F71CFC21
:10CA580004E0DFF8F481DFE74FF47A70794B18606F
:10CA6800CDF8048000904B462A4678492046F3F7D3
:10CA780019FC92E77448F1E701EB8101694B1D68E5
:10CA880005EB41051D602846F7F7FAF800226B4BC5
:10CA9800F7F760F982468B46634BD3F80090484617
:10CAA800F7F7EEF80022654BF7F754F906460F46FC
:10CAB80002460B4650465946F6F794FF02460B4687
:10CAC800CDE9042300225E4BF7F7D4FB68B952A3E3
:10CAD800D3E90023DDE90401F7F7AEFB20BBDDE96C
:10CAE8000401F7F7D1FB804601E04FF47A78584B00
:10CAF800C3F8048032463B4650465946F6F774FF61
:10CB080006460F4600224E4BF7F7B4FB78B942A30E
:10CB1800D3E9002330463946F7F78EFBA8B93046EB
:10CB28003946F7F7B1FB04E0DFF81C81DFE74FF483
:10CB38007A70474B1860CDF8048000904B462A461F
:10CB480044492046F3F7AEFB27E73F48F1E74FF0AB
:10CB5800FF33334A12781AB932490A6032490A60F7
:10CB68002F4A01211170314A00211160304A1268A0
:10CB7800022A14D0032A00F0A180012A7FF40DAF05
:10CB88002C490A68642003FB00F002440A604B68E1
:10CB98001B1A4B6028492046F3F784FBFDE603EB9C
:10CBA8008303214A156805EB430515601D4BD3F82F
:10CBB80000904846F7F764F80022204BF7F7CAF8C8
:10CBC80082468B462846F7F75BF800221B4BF7F79F
:10CBD800C1F806460F4602460B4650465946F6F738
:10CBE80001FF02460B46CDE904230022144BF7F758
:10CBF80041FB88BB08A3D3E90023DDE90401F7F76B
:10CC08001BFB002847D1DDE90401F7F73DFB80460F
:10CC180024E000BFAFF300800000000000408FC098
:10CC280010070020701700206C17002074010020E6
:10CC3800E00600205002002030F700080000E03F26
:10CC480000408F407002002018FCFFFF50F70008DA
:10CC58003C02002088F700084FF47A78524BC3F85A
:10CC6800048032463B4650465946F6F7BDFE064616
:10CC78000F4600224D4BF7F7FDFA78B948A3D3E9E0
:10CC8800002330463946F7F7D7FAA8B9304639466F
:10CC9800F7F7FAFA04E0DFF81881DFE74FF47A7063
:10CCA800414B1860CDF8048000902B464A46414914
:10CCB8002046F3F7F7FA70E63D48F1E703EB830304
:10CCC8003D4A156805EB430515603C4BD3F80090C9
:10CCD8004846F6F7D5FF0022394BF7F73BF882466E
:10CCE8008B462846F6F7CCFF0022354BF7F732F88B
:10CCF80006460F4602460B4650465946F6F772FE60
:10CD080002460B46CDE904230022284BF7F7B2FA76
:10CD180068B923A3D3E90023DDE90401F7F78CFA06
:10CD280020BBDDE90401F7F7AFFA804601E04FF4D4
:10CD38007A78244BC3F8048032463B46504659461D
:10CD4800F6F752FE06460F460022184BF7F792FAFE
:10CD580078B913A3D3E9002330463946F7F76CFABC
:10CD6800D0B930463946F7F78FFA04E0DFF840804B
:10CD7800DFE74FF47A70134B1860CDF80C80124B34
:10CD88005A68029201901B6800932B464A460F4945
:10CD98002046F3F787FA00E60548ECE7AFF3008092
:10CDA8000000000000408FC07002002000408F404B
:10CDB80018FCFFFF50F700086C17002070170020C0
:10CDC8000000E03F3C020020C8060020B8F7000839
:10CDD80010B4002313490B6013490B6013494B60CF
:10CDE8000B6013494B600B601249CB638B6112488F
:10CDF800436003601148436003600C691048046095
:10CE0800496B41600F490B600F490B700F4B03CB07
:10CE18001060516019889B7811819372012010BCB1
:10CE2800704700BF701700206C1700203C020020DC
:10CE38007002002094480020C0060020C806002088
:10CE480050020020E406002010070020F0F7000838
:10CE580010B4944600F580500023C362184A13604A
:10CE6800184A1360184A53601360184A53601360D5
:10CE7800174AD363936117494B600B6010691649D1
:10CE88000860526B4A60154A1360154A1360154AC8
:10CE98001370154C0FCCCCF80000CCF80410CCF86B
:10CEA8000820CCF80C3007CCCCF81000CCF81410C3
:10CEB800CCF818202388ACF81C30012010BC70472F
:10CEC800701700206C1700203C0200207002002020
:10CED80094480020C806002050020020E4060020E4
:10CEE800E006002010070020FCF700082DE9F04FAD
:10CEF8008FB00D9218490A680B694C688D69CE6924
:10CF08000F6A1648D0F829C0D1F824E0D1F8348047
:10CF1800D1F82890D1F83CA0D1F840B0496CD0F8AD
:10CF28005A000B900A91CDF824B0CDF820A0CDF886
:10CF38001C90CDF81880CDF814E0CDF810C00397F8
:10CF480002960195009406490D98F3F7ABF9012074
:10CF58000FB0BDE8F08F00BF944800202C48002097
:10CF68001CF80008F0B589B01046164A92F821302E
:10CF7800B2F91D40B2F9245092F8226092F86B1071
:10CF8800B2F96770B2F96EC092F86CE0CDF81CE0A7
:10CF9800CDF818C00597552914BF00210121049127
:10CFA800116F0391029601950094552B14BF00232D
:10CFB8000123D2F826200449F3F774F9012009B0B7
:10CFC800F0BD00BF443E00208CF8000808B5097881
:10CFD800FFF7C8FF012008BD2DE9F04F95B00B926F
:10CFE800314C60683149F7F7D5FA05462668276954
:10CFF800D4F80880206AF6F755FE00222C4BF6F785
:10D00800A9FECDE90C01A06AF6F74CFE0022284BD8
:10D01800F6F7A0FECDE90E01D4F82C90D4F830A094
:10D02800E06CF6F73FFE0022214BF6F793FECDE9C0
:10D038001001606DF6F736FE00221D4BF6F78AFEEA
:10D04800CDE91201D4F858B0E46D2846F7F768FC2A
:10D0580005460994CDF820B0DDE91201F7F714F977
:10D068000790DDE91001F7F70FF90690CDF814A045
:10D07800CDF81090DDE90E01F7F706F90390DDE928
:10D088000C01F7F701F90290CDF804803846F7F75C
:10D0980047FC009033462A4606490B98F3F702F9F5
:10D0A800012015B0BDE8F08F7C01002000007A4413
:10D0B80000408F40E8F8000808B50978FFF78CFFB2
:10D0C800012008BD2DE9F04F87B014462D4B9D680F
:10D0D80003F580639E6803F580639F6803F58063AA
:10D0E800D3F8088003F58063D3F80890264B93F8AB
:10D0F80072A0BAF1FF0F3BD05046FFF7BDFB826824
:10D10800BAF1FF0F36D0204B93F8731001238B40F0
:10D118009BB21A4214BF4FF0010A4FF0000A1A4B93
:10D1280093F875B0BBF1FF0F26D05846FFF7A4FB64
:10D138008268BBF1FF0F21D0134B93F876100123BF
:10D148008B409BB21A4214BF012300230493CDF8ED
:10D158000CA0CDF80890CDF80480009733462A46F5
:10D168000A492046F3F79EF8012007B0BDE8F08F82
:10D178000448C4E70223CCE70248D9E74FF48053B8
:10D18800E0E700BF000801400070002054F90008E3
:10D1980008B50978FFF796FF012008BD10B51046BD
:10D1A8000C4B1A6882F001021A6000230A490B60CE
:10D1B8000A490B600A490B600A494B600B600A492F
:10D1C8000C690A4B1C60496B59600949F3F76AF806
:10D1D800012010BDE4060020E006002070170020A2
:10D1E8006C17002070020020944800205002002094
:10D1F80090F9000810B582B01046084BDC6C4FF46B
:10D208007A72996D02FB01F100919B6E04FB02F2A8
:10D218000349F3F747F8012002B010BDA0470020EA
:10D22800A8F9000870B515460C4E3468FFF7D0FD14
:10D238002846F3F759F8621C534202F0030203F040
:10D24800030358BF5A423260054B53F82230054950
:10D258002844F3F727F8012070BD00BFE00600203E
:10D2680074050108E0F9000838B50C46154608466B
:10D27800F3F73AF8012810D0637843F02003732BB2
:10D2880011D0632B15D00D4B1B780D4A12780D4920
:10D298002846F3F707F8012038BD0023084A137021
:10D2A800064A1370EFE7012204490A7004490A701C
:10D2B800E7E7034B01221A70E5E700BF10020020E0
:10D2C80011020020FCF9000870B504460D46164608
:10D2D8000023524A1360524A1360524A5360136043
:10D2E800514A53601360514A53601360504A1169A0
:10D2F800504B1960526B5A602846F2F7F5FF012827
:10D308002CD06B7843F02003732B48D0772B69D04F
:10D31800702B42D104F580540123E362464A13601E
:10D32800464CB44604F1300625460FCDCCF8000033
:10D33800CCF80410CCF80820CCF80C302C460CF1B2
:10D34800100CB542F0D107CCCCF80000CCF8041092
:10D35800CCF8082023788CF80C301EE004F58054B3
:10D368000123E362364CB44604F1200625460FCD6E
:10D37800CCF80000CCF80410CCF80820CCF80C301D
:10D388002C460CF1100CB542F0D103CCCCF80000BF
:10D39800CCF804102388ACF80830012070BD04F5DF
:10D3A80080540123E362244B02221A60254CB446C0
:10D3B80004F1300625460FCDCCF80000CCF8041057
:10D3C800CCF80820CCF80C302C460CF1100CB542E7
:10D3D800F0D103CCCCF80000CCF804102388ACF8CA
:10D3E8000830DAE704F580540123E362124B032284
:10D3F8001A60154DB44605F140062C460FCCCCF802
:10D408000000CCF80410CCF80820CCF80C302546E5
:10D418000CF1100CB442F0D1BFE700BF7017002028
:10D428006C1700203C02002070020020C00600207B
:10D438009448002050020020E00600208CFA0008E2
:10D4480024FA000850FA0008CCFA000830B587B072
:10D458000C46154600230593049303930846F2F7F8
:10D4680043FF01281CD8059A22B1039B13B94FF436
:10D478007A7303930F4B1A70049B0F490B7003992F
:10D488000E4C84FB0104C817C0EB64000C4C2080D0
:10D4980000910C492846F2F705FF012007B030BD7E
:10D4A80003AB009304AB05AA0749601CF3F7F0F936
:10D4B800D9E700BF1C0700201807002067666666CA
:10D4C800D406002018FB00080CFB00082DE9F04FDB
:10D4D800C5B00646894617460846F2F705FF0128F3
:10D4E80009D099F8013043F02003692B0ED0612B45
:10D4F80062D00024CEE0814C0FCC38607960BA60ED
:10D50800FB602068386123793B75EDE07C4C9625FB
:10D518002A4600212046F3F71DFA2A467949204673
:10D52800F3F7C0FC29462046FDF75AF9764C0FCC94
:10D5380038607960BA60FB6020683861D4E0BDF972
:10D5480011109B68009171493846F2F7ABFED6F886
:10D5580024513846F2F7C8FE01463846A84700234A
:10D568003B700134FF2C00F2BF8004F20A3306EB53
:10D5780083035D68002DF4D0AB68002BF1D02B7BC2
:10D58800122BEED14FF48172002103A8F3F7E2F9D0
:10D59800D5F81880B8F1000F04D003AB73222946E0
:10D5A8003046C04704F20A3306EB83035B685A68C7
:10D5B800002AC4D1564AC2E70024D3E70AF1010A77
:10D5C80019F80A302F2B01D9392B2BD94FF4817236
:10D5D800002103A8F3F7BEF9D5F81880B8F1000FB9
:10D5E80004D003AB732229463046C04704F20A33FD
:10D5F80006EB83035B685A68002A46D01969B1F9BB
:10D6080000109B68009141493846F2F74BFED6F866
:10D6180024513846F2F768FE01463846A8470023E9
:10D628003B705EE04FF48172002103A8F3F792F992
:10D63800A868F2F759FE01304844F3F771FBADF8DA
:10D64800110004F20A3306EB830359680B788DF84E
:10D65800103072238DF80D308D691DB103AB722225
:10D668003046A84704F20A3306EB83035B685A681E
:10D678004AB11969B1F900109B68009125493846EB
:10D68800F2F710FE2DE0224AF3E7214AB6E7204AD6
:10D6980022E00134FF2C24DC04F20A3306EB830376
:10D6A8005D68002DF5D0D5F80880B8F1000FF0D0EE
:10D6B80009F1010B4046F2F717FE82460246594629
:10D6C8004046F3F7B5FE0028E3D12B7B122B3FF43D
:10D6D80075AF6A68002ADAD043460F493846F2F730
:10D6E800E1FDB4F5807F03D0012045B0BDE8F08F9F
:10D6F8004A460A493846F2F7D5FDF5E730FB0008F7
:10D708002C1C00203C00010848FB00085CFB0008BA
:10D718000CF600086CFB000888FB0008ACFB00084E
:10D72800F0B583B006460C4615460846F2F7DCFD10
:10D7380001280FD0637843F02003722B1BD0637845
:10D7480043F02003652B2DD10023214A1370214A71
:10D75800136005E01E4B01221A701E4B00221A604E
:10D768001C4B1B681A4A12781B492846F2F79AFD87
:10D77800012003B0F0BD194F0FCF28606960AA607F
:10D78800EB603B782B74D6F824612846F2F7ACFDA1
:10D7980001462846B0474FF4FA70F8F79FFCF8F7AF
:10D7A80007FACCE74FF0FF33019301AA0C49601C3C
:10D7B800F3F76EF8019B002BD2DB1BB9054B012256
:10D7C8001A60CDE7C82202FB03F3024A1360C7E7D9
:10D7D800DC060020D8060020DCFB0008C4FB00089B
:10D7E800D8FB000838B54B78212B01D0012038BD73
:10D7F800844614460C4D0FCD20606160A260E36042
:10D8080003CD20616161DCF824512046F2F76CFDFC
:10D8180001462046A847002323704FF4FA70F8F712
:10D828005DFCF8F7C5F9E1E70CFC000870B582B0BB
:10D8380006460D4614460846F2F756FD01280CD94F
:10D848006B78542B22D0742B20D0164B1A889B78D7
:10D858002280A370012002B070BD134DA44605F1CB
:10D8680020062C460FCCCCF80000CCF80410CCF8DD
:10D878000820CCF80C3025460CF1100CB442F0D13D
:10D8880003CDCCF80000CCF80410E3E7074A6B4658
:10D8980092E8030083E8030019463046FEF7B6FC19
:10D8A800D3E700BFF8F9000824FC0008CCEC000816
:10D8B800F0B59FB00646154600230493042303934E
:10D8C8004B78662B35D0084603AB04AA24490130AF
:10D8D800F2F7DEFF2846F2F707FD2A18214B1988D0
:10D8E8009B78295293700024039B9C422BD2049B63
:10D8F8001A5D1D4901A8F2F7D5FC01A92846F2F7DF
:10D9080021FD013414F00F0FEED12846F2F7ECFC9C
:10D918002A18144B19889B7829529370D6F82471C9
:10D928002846F2F7E1FC01462846B84700232B7049
:10D93800DAE7642105A8FDF70FF80028CADD05AB72
:10D9480004930390C6E72846F2F7CEFC2A18054B45
:10D9580019889B782952937001201FB0F0BD00BF31
:10D968004CFC0008F8F9000804F200082DE9F04121
:10D97800C2B005464FF00008474625E01F4A0FE0B1
:10D988000134FF2C1DD804F20A3305EB83035A68CF
:10D99800002AF5D09368002BF2D05268002AEDD007
:10D9A8000092174AFF2102A8F3F714FE02A8F2F723
:10D9B8009BFC0644002FE3D002A93846F2F7C2FCCC
:10D9C800DEE787B108F10108B8F1010F12DC3FB1B9
:10D9D8003846F2F789FC60220A493844F3F762FABC
:10D9E80000245F26CDE7701CF3F7D2FA0746002320
:10D9F8000370E7E7384642B0BDE8F0810CF600084E
:10DA0800B4FC000854FC000870B505463F4C404A79
:10DA180021465720FEF72CFD3E4A21465320FEF7AB
:10DA280027FD3D4A21464420FEF722FD3B4A214678
:10DA38004120FEF71DFD3A4A3A495820FEF718FDE5
:10DA4800394A3A495120FEF713FD394A39494820E5
:10DA5800FEF70EFD384E324638494E20FEF708FDD7
:10DA6800374A38494320FEF703FD374C22463749E9
:10DA78004720FEF7FDFC364A36494F20FEF7F8FCF2
:10DA8800354A36494120FEF70BFD354A35494220D3
:10DA9800FEF706FD344A35494320FEF701FD344AB6
:10DAA80034495320FEF7FCFC334A34494520FEF73D
:10DAB800F7FC334A33495220FEF7F2FC324A334925
:10DAC8005420FEF7EDFC324A32495020FEF7E8FCBC
:10DAD800314A32494D20FEF7E3FC324630494E20A8
:10DAE800FEF7DEFC2F4A30494920FEF7D9FC2246D2
:10DAF8002E494720FEF7D4FC2846FFF737FF024699
:10DB08002B494620FEF7CCFC012070BDD1C8000887
:10DB1800C4FC0008CCFC0008D4FC0008DCFC0008AD
:10DB2800E4FC0008D9CD0008F4FC000859CE000830
:10DB380004FD0008F5CE000818FD00086DCF0008A8
:10DB48002CFD0008E1CF00084CFD0008CDD00008EE
:10DB580064FD00082DD2000878FD000855D400089F
:10DB680084FD0008A5D100089CFD0008C1D000086C
:10DB7800BCFD0008FDD10008D8FD000871D20008DE
:10DB880014FE0008EDD700082CFE000835D8000860
:10DB980050FE000829D70008C4FE0008B9D80008BC
:10DBA800D5CF000810FF0008D1D2000899D100088D
:10DBB800D5D40008F8B506460F4614461D46722A05
:10DBC80004D00BD8522A0BD0572A0DD1124B1B78F0
:10DBD8008BB1114B1A78114B1A7005E0732A03D1D7
:10DBE8000E4B1A780C4B1A702B4622463946304693
:10DBF800FDF7DBFBF8BD0A4A11690A4B1960526B45
:10DC08005A60094A002313605360084A136053603E
:10DC1800F9F772FCDDE700BF781700201007002035
:10DC28009448002050020020700200203C0200208E
:10DC380038B5572A01D0722A05D1044C022525602F
:10DC4800034C00252560FDF7B0FB38BDE006002039
:10DC580074010020F8B50D461446522A01D0732AE3
:10DC680010D129690F4A16690E60116957692E6922
:10DC7800C91BB1602969566B4E60516B926B8A1A49
:10DC88002969CA6022462946FDF78FFB572C01D027
:10DC9800722C06D12B691A68024B5A612A6952689C
:10DCA8009A63F8BD94480020F8B507460E46144616
:10DCB8001D46FDF77AFB572C01D0722C1FD1104B53
:10DCC8001B68012B02D10F4B1B7843B90C4B012267
:10DCD8001A602B46722231463846FFF76BFF094B14
:10DCE80001221A70084B00221A60084B1A68316921
:10DCF800086802441A605A6849680A445A60F8BDBC
:10DD0800E0060020100700207401002050020020C7
:10DD1800F8B50D461446522A01D0732A10D1296944
:10DD28000F4A16680E601168D7682E69C91BB16062
:10DD38002969566A4E60516A126B8A1A2969CA6043
:10DD480022462946FDF731FB572C01D0722C05D10C
:10DD58002A691168024BD96052681A63F8BD00BF7E
:10DD68009448002038B50C461546572A01D0722A27
:10DD780005D11F4A032111601E4A002111602A465D
:10DD88002146FDF712FB572D2ED0722D2ED038BD0F
:10DD9800226952F8231000291EDB0133012BF6DC1F
:10DDA800226952F823009168884201DD42F8231065
:10DDB800226952F82300D168884201DA42F8231018
:10DDC800226952F823100029E2DD10698142DFDA66
:10DDD800002142F82310DBE7106940428142DCDD74
:10DDE800002142F82310D8E70023D7E70023D5E71E
:10DDF800E00600207401002038B50D461446522A6A
:10DE080001D0732A0BD12A690E49097811702A6941
:10DE18000D49098851802A690C49097851702246B0
:10DE28002946FDF7C2FA572C01D0722C09D12B696B
:10DE38001978044A11705988034A11805A78034B9B
:10DE48001A7038BD1C070020D406002018070020CF
:10DE580010B51446FDF7A9FA572C01D0722C0CD135
:10DE6800064B5B8AB3F5C86F04D2054AA2FB0323AD
:10DE78005B0900E00F23034A936110BD2C1C0020AE
:10DE88001F85EB517C01002038B5522A01D0732A36
:10DE980018D10E4C0E4DD5F81CE0D5F820C0C4F8AA
:10DEA80000E0C4F804C0B5F824C0A4F808C0D5F848
:10DEB80066E0D5F86AC0C4F80AE0C4F80EC0B5F840
:10DEC8006E506582FDF7AAFB38BD00BFE46F0020E5
:10DED800443E002010B51446FDF767FA572C02D0CF
:10DEE800722C00D010BD044B18680028FAD001210C
:10DEF800FDF7BCF9F6E700BF281C002010B5144652
:10DF0800FDF753FA572C02D0722C00D010BDF9F748
:10DF18009DFBFBE72DE9F04782B00546E04BE14A5F
:10DF28001A60E14BE14A1A60E14BE24A1A60E24E9C
:10DF38003046FDF763FC0446E04BC6F82031E04B61
:10DF4800C6F824314FF4FA78C6F818816427C6F861
:10DF58001C714FF0010986F80090DA4E3046FDF743
:10DF68004DFC0444D84BC6F82031C6F82431C6F815
:10DF78001881C6F81C7186F800902846FFF744FD02
:10DF88004FF01408CDF80080D04B002249462846AF
:10DF9800FDF710FC0444CE4A49462846FDF723FC09
:10DFA80048230093CB4B002202212846FDF702FCB0
:10DFB800044424270097C84B002203212846FDF774
:10DFC800F9FB0444C54A03212846FDF70CFC4FF031
:10DFD800100ACDF800A0C24B002204212846FDF704
:10DFE800E9FB0444BF4A04212846FDF7FCFB082648
:10DFF8000096BD4B002205212846FDF7DBFB0444B3
:10E00800BA4A05212846FDF7EEFB20230093B84BBA
:10E01800002206212846FDF7CDFB0444CDF800A0D8
:10E02800B44B002207212846FDF7C4FB0444B24A3A
:10E0380007212846FDF7D7FB78230093AF4B002232
:10E0480031462846FDF7B6FB0444CDF80090AC4BAA
:10E05800112209212846FDF7ADFB0444A94A0921EC
:10E068002846FDF7C0FBCDF80090A74B11220A21E6
:10E078002846FDF79FFB0444CDF80090A34B1122DE
:10E088000B212846FDF796FB04444FF00C09CDF808
:10E0980000909F4B342249462846FDF78BFB0444E9
:10E0A8009C4A49462846FDF79EFBDFF86C92CDF85E
:10E0B80000804B4600220D212846FDF77BFB0444D7
:10E0C800DFF8588242460D212846FDF78CFB009662
:10E0D8004B463A460E212846FDF76CFB044442465F
:10E0E8000E212846FDF77FFB042300938C4B00226A
:10E0F80021212846FDF75EFB04448A4A212128464F
:10E10800FDF771FB884E02270097334612228021C3
:10E118002846FDF74FFB0444DFF810824246802171
:10E128002846FDF760FB0097F31912228121284643
:10E13800FDF740FB0444DFF8F8914A468121284660
:10E14800FDF751FB0097331D122282212846FDF767
:10E1580031FB04444A4682212846FDF744FB0097D8
:10E16800B31D122283212846FDF724FB04444A46A6
:10E1780083212846FDF737FB009706F10803122292
:10E1880084212846FDF716FB04444A468421284684
:10E19800FDF729FB009706F10A031222852128467C
:10E1A800FDF708FB04444A4685212846FDF71BFB7A
:10E1B800009706F10C03122286212846FDF7FAFA89
:10E1C80004444A4686212846FDF70DFB009706F1D0
:10E1D8000E03122287212846FDF7ECFA04444A462A
:10E1E80087212846FDF7FFFA009706EB0A0312225B
:10E1F80088212846FDF7DEFA04444A468821284645
:10E20800FDF7F1FA009706F1120312228921284638
:10E21800FDF7D0FA0444474A89212846FDF7E3FA76
:10E228002C23009306F12203002290212846FDF7B3
:10E23800C1FA0444009706F114031222A0212846CB
:10E24800FDF7B8FA0444009706F11C031222C02116
:10E258002846FDF7AFFA04444246C0212846FDF798
:10E26800C2FA009706F11E031222C1212846FDF7C3
:10E27800A1FA04444246C1212846FDF7B4FA0097A2
:10E2880006F120031222C2212846FDF793FA04441E
:10E298004246C2212846FDF7A6FA20464CE000BFB8
:10E2A8002C020020D960000828020020E560000840
:10E2B80024020020B95B0008905D0020ED9E000854
:10E2C800399F00082C4B002015960008E46F0020A9
:10E2D80091DE0008944800207002002039DC000814
:10E2E8001C4B00205DDC0008F86F0020B1DC000842
:10E2F80050020020805D002019DD00087C0100200C
:10E3080078170020BDDB0008DC0600201102002081
:10E31800081B0020DDDE00083C0200206DDD00083F
:10E328007417002001DE00082C1C002081E300087F
:10E3380005DF000859DE000802B0BDE8F08700BF1D
:10E3480010B50446094B1B781BB9084B1B7833B929
:10E3580010BD042201460648FDF791FFF5E70422A7
:10E3680021460448FDF78BFFF2E700BF11020020A9
:10E37800905D00202C4B002010B5A0B01446FDF78E
:10E3880014F8572C03D0722C01D020B010BD0D4BBF
:10E398001A8840F2D7439A420BD00B496846F1F7E6
:10E3A80081FF6846FFF7CCFF064B40F2D7421A8040
:10E3B800EBE796210348FCF713FA0448FFF7C0FF80
:10E3C800E3E700BF2C1C002084FF0008BCFF000806
:10E3D8002DE9F04F83B00568C4684668D0F808A0F6
:10E3E80031788B00DBB270784200D2B21344DBB2D2
:10E3F800B2781344DBB2009373680193002B1BDBE4
:10E40800277F637F41404A407A405340A27F93422E
:10E4180032D094F919302376B04B009A134493F80C
:10E428000A32A27E9B1A5BB2012B08D013F1050FAA
:10E4380005D0FF23637604E05B420193E0E7012304
:10E448006376A64B009A134493F90A32A376B4F97B
:10E458001430E3819AB2E18A521A2282E3820127B8
:10E46800B5F95E30BB4219DB94F9193094F91820DC
:10E4780093420BD0002212E0B4F91230B5F95E7065
:10E48800BB4200DA1F4601373FB2E9E72A6803FBBF
:10E4980002F2B4F90E3092FBF3F200E000226B684E
:10E4A800C3F16400616802FB03F301FB00338C4A8B
:10E4B80082FB03124FEAE379C9EB621913F1630F88
:10E4C80002DAC9F1000200E04A46EB68934261DCD7
:10E4D8000123E377B4F91030002B61DBB5F95A104A
:10E4E800994261DC012384F8203094F91B1095F8D7
:10E4F8006030002B60D14FF0FF33E3768B4203D0BE
:10E5080011B92160CAF81010002B40F0A48094F9CA
:10E518001910012952D033789B00DBB27078400083
:10E52800C0B20344DBB2B0780344DBB26B480344A7
:10E5380093F80A8208F101084FFA88F8C7EB071325
:10E548009B00B4F90E0093FBF0F3C8EB08184FEAF0
:10E55800880801FB0388CAF8108095F86130002B01
:10E5680077D02B69934274DAAB69EA69D21A0199B8
:10E578008B4229DACB1AB3FBF2FBBBF1090F52D855
:10E588005FFA8BFB02FB1B310023C8074908F6F72B
:10E59800EDF91BE0AB6893429CDB0023E37799E736
:10E5A8009BB25B421BB299E7B5F95C1099429CDBC0
:10E5B800002384F8203098E700239EE7474B009813
:10E5C800034493F90A82B9E70020834605F144021F
:10E5D8000BF1010332F9133032F91B209B1A4FEA71
:10E5E800E37CA0FB033100FB0C11DB0F43EA410382
:10E5F8009BB292B213449BB294F9192092B202FBD7
:10E6080003F31BB218EB030312D40020354981FB36
:10E6180003211944DA17C2EB21220244324901FBD3
:10E628000233236017E04FF000404FF0090BCDE7AD
:10E638002C4981FB03211944DA17C2EB21224FF43C
:10E64800B47101FB12320AB90020DFE74FF0FF3046
:10E65800DCE7C4F8008095F86030022B00F0B88041
:10E66800032B00F02E81012B40F086802368002BBD
:10E6780040DD1E49A1FB03214909B3F5B47F80F0B1
:10E68800A380C9B2C1EB0112A3EB82035808DB07D0
:10E698004FF0000C1A181DD26244DFF850C0ACFBD2
:10E6A80002EC4FEADC0CCCEB0C1CA2EB0C029B1A24
:10E6B80060F10000DFF838C04FF0EE3203FB02F2E1
:10E6C8000CFB0020A3FB0C2C00EB0C03920842EA85
:10E6D800837211E04FF0010CDEE700BFF802002062
:10E6E8001F85EB51B7600BB698FEFFFF89888888B5
:10E6F800EFEEEEEE0022114601F10108BB4830F9B9
:10E70800183030F911B0A3EB0B034FEAE37EA3FBFB
:10E71800023C02FB0ECCDB0F43EA4C039BB21FFA10
:10E728008BFB5B44238100F10E0C3CF918303CF95B
:10E7380011B0A3EB0B034FEAE37EA3FB023C02FB01
:10E748000ECCDB0F43EA4C039BB21FFA8BFB5B44F6
:10E7580063811C3030F9183030F911105B1A4FEA18
:10E76800E37CA3FB023002FB0C02DB0F43EA42030B
:10E778009BB289B20B44A38194F91930002BC0F2E3
:10E788001981002BD4BF002201227368002BC0F22C
:10E798001481002BD4BF0020012095F8601031B1FE
:10E7A8006969019DA94202DA824200F009818F4A13
:10E7B80000990A4492F90A52052D00F31F81002D91
:10E7C80080F21D8100251AE14FF00042052193E7F0
:10E7D8002368002B2EDD8649A1FB0321C908B3F568
:10E7E800B47F6AD2C9B201EB8102A3EB42034FEABC
:10E7F8005308DB07002013EB080219D202447C48B7
:10E80800A0FB02CE2EF0030C0CEB9E0CA2EB0C022C
:10E818009A1A68F100084FF0CC3302FB03F300FBAF
:10E828000833A2FB00200344520842EAC37203E003
:10E838000120E3E70022114601F101086D4830F993
:10E84800183030F911B0A3EB0B034FEAE37EA3FBBA
:10E85800023C02FB0ECCDB0F43EA4C039BB21FFACF
:10E868008BFB5B44238100F14A0C3CF918303CF9DE
:10E8780011B0A3EB0B034FEAE37EA3FB023C02FBC0
:10E888000ECCDB0F43EA4C039BB21FFA8BFB5B44B5
:10E898006381943030F9183030F911105B1A4FEA5F
:10E8A800E37CA3FB023002FB0C02DB0F43EA4203CA
:10E8B8009BB289B20B44A3815EE74FF0004223214B
:10E8C800BAE72368002B2EDD4949A1FB0321C908BB
:10E8D800B3F5B47F6AD2C9B201EB8102A3EB42035C
:10E8E8004FEA5308DB07002013EB080219D2024451
:10E8F8003F48A0FB02CE2EF0030C0CEB9E0CA2EBC3
:10E908000C029A1A68F100084FF0CC3302FB03F3AB
:10E9180000FB0833A2FB00200344520842EAC372FA
:10E9280003E00120E3E70022114601F10108324823
:10E9380030F9183030F911B0A3EB0B034FEAE37E3E
:10E94800A3FB023C02FB0ECCDB0F43EA4C039BB259
:10E958001FFA8BFB5B44238100F14A0C3CF9183009
:10E968003CF911B0A3EB0B034FEAE37EA3FB023C97
:10E9780002FB0ECCDB0F43EA4C039BB21FFA8BFB66
:10E988005B446381943030F9183030F911105B1A08
:10E998004FEAE37CA3FB023002FB0C02DB0F43EAE5
:10E9A80042039BB289B20B44A381E5E64FF00042D3
:10E9B8002321BAE74FF0FF32E7E64FF0FF30ECE6ED
:10E9C800E27F002A3FF4F3AE94F82020002A7FF477
:10E9D800EEAEB4F9081003FB01F1B4F90A2003FB09
:10E9E80002F2B4F90C0000FB03F322E0F802002065
:10E9F800CDCCCCCC2203002000040020052505EB5B
:10EA080045051E4805F1F00200EB4202B2F9061076
:10EA180003FB01F105F1F10200EB4202B2F9062015
:10EA280003FB02F2F23500EB4500B0F9060000FBEB
:10EA380003F3134880FB01C5C917C1EBA511CAF838
:10EA4800001080FB0251D217C2EBA112CAF80420B1
:10EA58003278227772786277B278A2776782A78253
:10EA6800C4F8049080FB0312DB17C3EBA213CAF8A7
:10EA78000830CAF80C9003B0BDE8F08FF802002007
:10EA8800D34D62100268C368FF21D976B2F95E10CF
:10EA98005982D982B2F95E20DA8170472DE9F047B0
:10EAA8001F4B1E78FF2E38D01E4B93F80080002491
:10EAB80025464FF6FF7704E00135ADB2274601340D
:10EAC800A4B2194B1B88A34220D9184B1B88A34218
:10EAD800F5D0DC2304FB03F3154AD35C9E42EED148
:10EAE800B8F1000FE8D0DC22114B02FB043909F120
:10EAF8000109DFF830A05046F1F7F6FB024651460F
:10EB08004846F2F795FC0028D6D0D8E7012D01D069
:10EB18004FF6FF773846BDE8F0874FF6FF77F9E7FD
:10EB28000A0500207C170020CE080108CC0801083F
:10EB3800D008010810B50C46DC22044902FB00117C
:10EB48000348F2F7AFF9034B1C7010BDD008010859
:10EB5800007000207917002008B5184B18884FF668
:10EB6800FF73984203D0164B1B88984218D3154B55
:10EB7800B3F84E3053B1134BB3F850004FF6FF7350
:10EB8800984203D00E4B1B8898420DD3FFF786FF9F
:10EB98004FF6FF7398420BD00121FFF7CBFF08BD5A
:10EBA8000221FFF7C7FFFAE70121FFF7C3FFF6E7E6
:10EBB8000021054B1888FFF7BDFFF0E70C05002082
:10EBC800CE0801082C1C0020CC08010800231D2BAE
:10EBD8000DD8C3EBC302074911F82220824201D0A5
:10EBE8000133F4E7C3EBC30301EB83007047002054
:10EBF800704700BF840501084368014818447047FE
:10EC08000070002038B5124BB3F84E30F3B1002431
:10EC180001E00134A4B20E4BB3F85430A34215D925
:10EC28000F2C13D80A4B03EB840393F85600FF28E4
:10EC3800EFD0FFF7CBFF0028EBD0FFF7DDFF044B49
:10EC480003EB8403B3F858300380E2E738BD00BF14
:10EC58002C1C0020002103E00B4B5B58435004316F
:10EC68000A480B4B42189A42F6D30A4A02E000239C
:10EC780042F8043B084B9A42F9D3F7F751FDF1F7F4
:10EC8800DFFDF8F7C1FE7047500C010800000020B6
:10EC98001005002010050020DC700020FEE70000B1
:10ECA800F8B500BFF8BC08BC9E467047F8B500BF71
:08ECB800F8BC08BC9E46704741
:10ECC000FFFF0000FFFFFFFF0100000002000554EE
:10ECD0005465737400202020202020202020282824
:10ECE000282828202020202020202020202020200C
:10ECF000202020202088101010101010101010104C
:10ED0000101010101004040404040404040404107B
:10ED10001010101010104141414141410101010109
:10ED200001010101010101010101010101010101D3
:10ED300010101010101042424242424202020202DF
:10ED400002020202020202020202020202020202A3
:10ED50001010101020000000000000000000000053
:10ED600000000000000000000000000000000000A3
:10ED70000000000000000000000000000000000093
:10ED80000000000000000000000000000000000083
:10ED90000000000000000000000000000000000073
:10EDA0000000000000000000000000000000000063
:10EDB0000000000000000000000000000000000053
:10EDC0000000000000000000000000000000000043
:10EDD00000000000000000001C00010890F5000881
:10EDE00020000108FB21F93FFB2109407CD912409A
:10EDF000FB2119407A6A1F407CD92240BBFD254087
:10EE0000FB2129403A462C407A6A2F405C4731402A
:10EE10007CD932409C6B3440BBFD3540DB8F3740A2
:10EE2000FB2139401BB43A403A463C405AD83D4059
:10EE30007A6A3F404C7E40405C4741406C10424003
:10EE40007CD942408CA243409C6B4440AC3445404A
:10EE5000BBFD4540CBC64640DB8F4740EB584840A2
:10EE6000FB21494083F9A200444E6E00FC291500A5
:10EE7000D1572700DD34F50062DBC0003C999500D6
:10EE8000419043006351FE00BBDEAB00B761C5009B
:10EE90003A6E2400D24D42004906E00009EA2E00F5
:10EEA0001C92D100EB1DFE0029B11C00E83EA7001A
:10EEB000F535820044BB2E009CE98400B426700026
:10EEC000417E5F00D6913900538339009CF43900AC
:10EED0008B5F840028F9BD00F81F3B00DEFF970020
:10EEE0000F980500112FEF000A5A8B006D1F6D005F
:10EEF000CF7E360009CB2700464FB7009E663F0005
:10EF00002DEA5F00BA277500E5EBC7003D7BF100F5
:10EF1000F739070092528A00FB6BEA001FB15F00CD
:10EF2000085D8D00300356007BFC4600F0AB6B00A3
:10EF300020BCCF0036F49A00E3A91D005E61910069
:10EF4000081BE60085996500A0145F008D406800ED
:10EF500080D8FF0027734D0006063100CA56150001
:10EF6000C9A873007BE260006B8CC0000000000049
:10EF70000200000003000000040000000600000082
:10EF800000000040FB21F93F000000002D44743ECA
:10EF9000000000809846F83C0000006051CC783BAF
:10EFA00000000080831BF0390000004020257A38E3
:10EFB000000000802282E336000000001DF3693566
:10EFC00002030405060708090A0B0C0D0E0F1010AA
:10EFD00000000000466C61736820696E69746961A5
:10EFE000696C697365640D0A000000002A2A2A20F2
:10EFF000577269746520466C6173682043616C695F
:10F0000062726174696F6E20646174610D0A000040
:10F01000706F776572206F66662062792062757402
:10F02000746F6E0D0A000000706F776572206F6E4E
:10F030000A000000506F77657220627574746F6EFD
:10F0400020646F776E2061742073746172747570C0
:10F050000D0A0000506F77657220627574746F6ED0
:10F0600020757020617420737461727475700D0A5C
:10F0700000000000646F75626C6520746170202D63
:10F080003E20686F766572626F617264206D6F6496
:10F09000650D0A0064697361626C65206279207293
:10F0A0006F6C6C486967680D0A000000656E6162EC
:10F0B0006C6520627920686F766572626F61726438
:10F0C000206D6F646520262021726F6C6C48696723
:10F0D000680D0A0064697361626C6520627920685A
:10F0E0006F766572626F617264206D6F6465202651
:10F0F0002073746570206F66660D0A006469736121
:10F10000626C65206279206368617267696E670D61
:10F110000A000000706F776572206F666620627962
:10F12000206C6F7720766F6C746167650D0A000044
:10F13000706F776572206F66662062792036307353
:10F1400020696E61637469766974790D0A00000044
:10F15000706F776572206F666620696E2025647314
:10F160000D0A0000706F776572206F666620627905
:10F170002074696D65720D0A0000000063665F739C
:10F1800070656564436F65662025642C206E5F633F
:10F190006F6D6D446561637648692025642C206E2F
:10F1A0005F636F6D6D4163764C6F2025640D0A00BF
:10F1B000313A256920323A256920333A25692034CD
:10F1C0003A256920353A256920363A256920373AAB
:10F1D000256920383A25690D0A00000073696465C5
:10F1E0002025643A0000000073656E736F7220641E
:10F1F000617461206E6F74203535206F722041413B
:10F200000D0A000025322E3258200000616E676C16
:10F2100065206D69736D6174636820256420213DEC
:10F220002025643A0D0A0000616E676C65206368F2
:10F23000616E6765203E20323030202564202D3EEF
:10F240002025643A0D0A000053656E736F722052D8
:10F25000582072656365697665640D0A00000000D8
:10F2600053746570706564204F6E0D0A00000000D5
:10F2700053746570706564204F66660D0A00000067
:10F2800053656E736F722052582074696D656F7587
:10F29000740D0A0053656E736F724F4B202D3E2024
:10F2A0003020696E20756E70726F6365737365646C
:10F2B00020706F6C6C0D0A00636F6C6F7572202587
:10F2C00064202578202D3E20257820282564290DCE
:10F2D0000A0000000D0A666C61736820726F6F741B
:10F2E00020256C78000000000D0A70652025640060
:10F2F0000D0A6572617365206661696C2025640082
:10F300000D0A0D0A0D0A0D0A202A2A2A2A2A2A2065
:10F3100045524153454420464C4153482061742096
:10F32000256C782028256C6420706167657329003E
:10F330000D0A7772697465206661696C2025640026
:10F340000D0A77726F746520666C61736820617452
:10F3500020256C78206C656E202564000D0A666C93
:10F3600061736872656164202D206C656E20256470
:10F37000207365656D732077726F6E673F000000C4
:10F380000D0A666C61736872656164202D206E6F72
:10F3900020656E6420666F756E643F0064657363FC
:10F3A00072697074696F6E73000000007665727325
:10F3B000696F6E0073756273637269626520646160
:10F3C0007461000070726F746F636F6C207374618E
:10F3D00074732061636B2B6E6F61636B00000000C0
:10F3E00070726F746F636F6C2073746174732061DB
:10F3F000636B000070726F746F636F6C2073746165
:10F400007473206E6F61636B000000007465787424
:10F410000000000070696E67000000007370656591
:10F420006420636F6E74726F6C206D6D2F730000BB
:10F4300068616C6C20706F736974696F6E206D6D9C
:10F4400000000000706F736974696F6E20636F6EE7
:10F4500074726F6C20696E6372656D656E74206D79
:10F460006D000000706F736974696F6E20636F6E5A
:10F4700074726F6C206D6D0068616C6C20706F73BE
:10F480006974696F6E20737465707300656E616274
:10F490006C65206D6F746F72730000006469736136
:10F4A000626C6520706F7765726F66662074696D37
:10F4B00065720000656E61626C6520636F6E736FCC
:10F4C0006C65206C6F677300726561642F636C6597
:10F4D00061722078797420706F736974696F6E003F
:10F4E00050574D20636F6E74726F6C0073696D704E
:10F4F0006C65722050574D0062757A7A6572000013
:10F50000666C617368206D6167696300706F736E0C
:10F51000206B70207820313030000000706B70005C
:10F52000706F736E206B69207820313030000000DE
:10F53000706B6900706F736E206B642078203130BF
:10F5400030000000706B6400706F736E2070776D18
:10F55000206C696D00000000706C000073706565C0
:10F5600064206B702078203130300000736B7000A5
:10F570007370656564206B6920782031303000003D
:10F58000736B69007370656564206B64207820314B
:10F5900030300000736B64007370656564207077B1
:10F5A0006D20696E6372206C696D0000736C0000E1
:10F5B0006D61782063757272656E74206C696D6917
:10F5C0007420782031303000636C00006164632067
:10F5D00073657474696E677300000000686F766508
:10F5E00072626F61726420656E61626C650000001A
:10F5F0006865000041534349492070726F746F631E
:10F600006F6C206C6F636B65642E0D0A0000000048
:10F6100057726F6E672050617373776F7264202D1D
:10F6200020456E74657220756E6C6F636B41534339
:10F63000494920746F20656E61626C6520415343B7
:10F64000494920696E707574206D6F64652E0D0ACE
:10F6500000000000415343494920696E70757420D1
:10F660006163746976652E2054797065203F206649
:10F670006F722068656C700D0A0000002563202DF4
:10F68000200000002D2025730D0A00004C6F636BD5
:10F6900065642E20456E74657220756E6C6F636BA9
:10F6A000415343494920746F20656E61626C652047
:10F6B000415343494920696E707574206D6F6465CC
:10F6C0002E0D0A3E000000004E6F20636D64202561
:10F6D00063202D20757365203F20666F722068655A
:10F6E0006C700D0A000000004C6F636B2061736347
:10F6F00069692070726F746F636F6C00756E6C6FE8
:10F70000636B4153434949202D20756E6C6F636BC9
:10F710002041534349492070726F746F636F6C00CE
:10F72000646973706C61792068656C70000000001A
:10F7300077616E7465645F706F736E206E6F772093
:10F74000256C646D6D20256C646D6D0D0A000000E4
:10F750007370656564206E6F772025642C20737448
:10F76000656572206E6F772025642C207370656547
:10F77000644C20256C642C207370656564522025D0
:10F780006C640D0A000000007370656564206E6F84
:10F79000772025642C207374656572206E6F772046
:10F7A00025642C2070776D20256C642C2070776D7B
:10F7B00020256C640D0A00007370656564206E6F0F
:10F7C000772025642C207374656572206E6F772016
:10F7D00025642C2070776D2025642D3E256C642CCB
:10F7E0002070776D2025642D3E256C640D0A000085
:10F7F00053746F70207365740D0A0000496D6D6558
:10F80000646961746520636F6D6D616E64732064FB
:10F81000697361626C65640D0A0000004C3A205007
:10F820003A256C6428256C646D6D2920533A256C4B
:10F830006428256C646D6D2F73292064543A256CFF
:10F840007520536B69703A256C7520446D613A25BB
:10F85000640D0A523A20503A256C6428256C646D78
:10F860006D2920533A256C6428256C646D6D2F73C7
:10F87000292064543A256C7520536B69703A256CC5
:10F880007520446D613A25640D0A00004C3A204F02
:10F890004B3A256420466F6F743A256420416E67A9
:10F8A0006C653A256420526F6C6C3A256420416384
:10F8B00063656C3A25640D0A523A204F4B3A256431
:10F8C00020466F6F743A256420416E676C653A2557
:10F8D0006420526F6C6C3A256420416363656C3A16
:10F8E00025640D0A000000004261743A2025646D11
:10F8F00056282564292054656D703A2564432825CF
:10F9000064290D0A4C3A2043757272656E743A256B
:10F91000646D41204176673A25646D412072313A29
:10F9200025642072323A25640D0A523A20437572DA
:10F9300072656E743A25646D41204176673A25649C
:10F940006D412072313A25642072323A25640D0AE5
:10F9500000000000413A2530345820423A25303426
:10F960005820433A2530345820443A253034582022
:10F97000453A253034580D0A427574746F6E3A203A
:10F980002564204368617267653A25640D0A0000AA
:10F9900053656E736F7220636F6E74726F6C206E3E
:10F9A0006F772025640D0A004D61696E206C6F6FC2
:10F9B0007020696E74657276616C5F757320256462
:10F9C0003B206C617465732025642C2070726F631A
:10F9D000657373696E675F75732025640D0A000097
:10F9E000636F6E74726F6C2074797065206E6F77C0
:10F9F00020256420282573290D0A0000646562759E
:10FA0000675F6F7574206E6F772025640D0A656ED1
:10FA100061626C6573636F7065206E6F772025641B
:10FA20000D0A0000496D6D65646961746520636F3E
:10FA30006D6D616E647320656E61626C6564202D0E
:10FA4000205741534458484347510D0A3E00000097
:10FA5000496D6D65646961746520636F6D6D616E7C
:10FA6000647320656E61626C6564202D205741537C
:10FA7000445848434751202D2053706565642063E6
:10FA80006F6E74726F6C0D0A3E000000496D6D65FB
:10FA9000646961746520636F6D6D616E6473206568
:10FAA0006E61626C6564202D205741534458484371
:10FAB0004751202D20506F736974696F6E20636FFA
:10FAC0006E74726F6C0D0A3E00000000496D6D652A
:10FAD000646961746520636F6D6D616E6473206528
:10FAE0006E61626C6564202D205741534458484331
:10FAF0004751202D20506F776572202870576D294F
:10FB000020636F6E74726F6C0D0A3E0025642025B1
:10FB10006420256400000000416C61726D207365F3
:10FB20007420746F2025642025642025640D0A004C
:10FB30006E6F20666C6173682076617220676976EB
:10FB4000656E0D0A00000000466C61736820696EE6
:10FB5000697469616C697365640D0A0025732825F1
:10FB600073293A2025640D0A00000000666C617359
:10FB7000682076617220257328257329206E6F779F
:10FB80002025640D0A000000666C617368207661B0
:10FB9000722025732825732920756E737570706F18
:10FBA0007274656420747970650D0A00756E6B6EF1
:10FBB0006F776E20666C61736820646174612025C4
:10FBC000730D0A00526573657420696E20353030FC
:10FBD0006D730D0A00000000256400006469736104
:10FBE000626C65706F7765726F6666206E6F7720E6
:10FBF00025640D0A706F7765726F666674696D654E
:10FC000072206E6F772025640D0A00000D0A2121F5
:10FC1000212121526573657474696E672121212148
:10FC2000210D0A005465737420636F6D6D616E64FD
:10FC3000206E656564732041204E206F7220542031
:10FC40007175616C69666965720D0A00256C782CA6
:10FC5000257800007072696E742F736574206120BE
:10FC6000666C61736820636F6E7374616E742028B4
:10FC7000466120746F207072696E7420616C6C2C08
:10FC800020466920746F2064656661756C7420611C
:10FC90006C6C293A0D0A2020467373202D20707257
:10FCA000696E742C204673733C6E3E202D20736564
:10FCB000740D0A0020204625733C6E3E202D202521
:10FCC000730D0A004661737465720000536C6F77A0
:10FCD000657200004C656674657200005269676861
:10FCE0007465720044697361626C6544726976651B
:10FCF000000000005175697420496D6D656469618B
:10FD000074650000646973706C61792068616C6C63
:10FD10002064617461000000646973706C61792013
:10FD200073656E736F7220646174610064697370CF
:10FD30006C617920656C656374726963616C206DB8
:10FD40006561737572656D656E7473006469737057
:10FD50006C61792073746D333220737065636966EA
:10FD600069630000746F67676C6520636F6E7472FF
:10FD70006F6C206D6F64650073657420616C6172D7
:10FD80006D000000746F67676C652073656E736F3C
:10FD90007220636F6E74726F6C00000073686F770F
:10FDA00020656C656374726963616C206D65617355
:10FDB0007572656D656E74730000000073686F770F
:10FDC000206D61696E206C6F6F702074696D696E53
:10FDD0006720737461747300644562756720636F94
:10FDE0006E74726F6C2C20452D3E6F66662C20451C
:10FDF000632D3E636F6E736F6C65206F6E2C2045B4
:10FE0000732D3E636F6E736F6C652B73636F7065DC
:10FE100000000000202D205221202D3E205265732D
:10FE20006574204669726D77617265007474202D67
:10FE30002073656E64206120746573742070726F26
:10FE4000746F636F6C206D6573736167652000006C
:10FE50002050202D706F77657220636F6E74726F03
:10FE60006C0D0A202050202D64697361626C6570EE
:10FE70006F7765726F66660D0A2020504520656EAB
:10FE800061626C6520706F7765726F66660D0A201F
:10FE900020506E20706F776572206F666620696EE5
:10FEA000206E207365636F6E64730D0A202050729C
:10FEB00020736F6674776172652072657365740D67
:10FEC0000A000000204D202D2064756D70206D65A6
:10FED0006D6F72790D0A2020204D66202D206475EB
:10FEE0006D7020666C6173680D0A2020204D3C689F
:10FEF0006578616464723E2C3C6865786C656E3E22
:10FF0000202D2064756D70206D656D0D0A00000058
:10FF1000656E61626C6520696D6D656469617465AB
:10FF200020636F6D6D616E6473202D2049702F49C1
:10FF3000732F4977202D2064697265637420746F74
:10FF400020706F736E2F73706565642F70776D20EE
:10FF5000636F6E74726F6C0D0A0000006E6F6E65D9
:10FF600000000000506F736974696F6E000000003C
:10FF7000537065656400000050574D2044697265F8
:10FF800063740000696E636F7272656374206D61E3
:10FF90006769632025642C2073686F756C64206228
:10FFA000652025640D0A466C617368206E6F7420AD
:10FFB0007772697474656E0D0A00000077726F7451
:10FFC0006520666C6173680D0A000000232D302BDC
:10FFD00020000000686C4C006566674546470000DD
:10FFE000303132333435363738394142434445466F
:10FFF0000000000030313233343536373839616231
:020000040801F1
:100000006364656600000000412D46612D66383945
:1000100030313233343536375D0000002B2D00008F
:1000200078580000000000000102030400000000F6
:10003000000000000102030406070809D70432008B
:1000400032000000E80314000A0000001400DC0580
:10005000000000000000E8030000000100020000B2
:10006000FA430080BB440000DC05FF0F0000D0070E
:10007000FF0F00009643000096430000E8030000D5
:10008000803F0000000001010000000000000000AF
:100090000000000000000000000000000000000060
:1000A0000000000000000000000000000000000050
:1000B0000000000000000000000000000000000040
:1000C0000000000000000000000000000000000030
:1000D0000000000000000201040503000000000011
:1000E0000000000000000000000000000000000010
:1000F0000000000000000000000000000000000000
:1001000000000000FFFFFFFF0000000001000000F2
:1001100000000000000000000000000000000000DF
:10012000010000000000000000000000FFFFFFFFD2
:100130000000000001000000FFFFFFFF00000000C2
:1001400000000000000000000000000000000000AF
:10015000000000000000000000000000000000009F
:10016000FFFFFFFF0100000000000000FFFFFFFF96
:10017000000000000000000001000000000000007E
:10018000000000000000000000000000010000006E
:1001900000000000FFFFFFFF000000000000000063
:1001A000FF0000009CF300080000000000000000B9
:1001B0001C4A00200000000039B60008FE000000C4
:1001C000ACF3000800000000140000002002002032
:1001D0000400000025B6000822000000B4F3000867
:1001E00000000000000000001C4900200E0000007C
:1001F0000DB4000823000000C4F300080000000054
:10020000000000004807002024000000ADB40008F2
:1002100024000000E0F300080000000000000000DF
:1002200048070020240000006DB5000825000000EC
:10023000F4F3000800000000000000004807002060
:1002400024000000C9B50008260000000CF40008D6
:1002500000000000000000001C490020FD0000001C
:10026000B3B300082700000014F4000800000000E9
:10027000000000001C490020FD000000A5B200089D
:100280000100000020FD0008000000000000000048
:100290001C4900200A00000025B6000802000000EA
:1002A0000CFD000800000000000000001C490020B8
:1002B0004800000025B60008030000001CF40008F8
:1002C00000000000000000001C4900202400000085
:1002D000E1B300080400000030F400080000000052
:1002E000000000001C49002010000000E1B30008DD
:1002F0000500000044F400080000000000000000B9
:100300001C49002008000000E1B3000806000000BE
:1003100064F4000800000000000000001C490020F8
:1003200020000000E1B300080700000078F4000896
:1003300000000000000000001C4900201000000028
:10034000E1B300080800000034FD000800000000D0
:10035000000000001C4900207800000025B60008BD
:10036000090000008CF400080000000011000000EB
:100370001C49002001000000E1B300080A00000051
:100380009CF4000800000000110000001C4900203F
:1003900001000000E1B300080B000000B4F4000805
:1003A00000000000110000001C49002001000000B6
:1003B000E1B300080C000000C8F4000800000000D1
:1003C000340000001C4900200C000000E1B30008CC
:1003D0000D000000E0F40008000000000000000034
:1003E0001C49002014000000E1B300080E000000CA
:1003F000ECF4000800000000240000001C4900206C
:1004000008000000E1B3000821000000F8F4000833
:1004100000000000000000001C4900200400000053
:10042000E1B300088000000000F5000860F4000857
:10043000120000001C49002002000000E1B3000887
:10044000810000000CF500081CF5000812000000F7
:100450001C49002002000000E1B3000882000000F7
:1004600020F5000830F50008120000001C490020AB
:1004700002000000E1B300088300000034F500082A
:1004800044F50008120000001C4900200200000092
:10049000E1B300088400000048F5000858F50008A2
:1004A000120000001C49002002000000E1B3000817
:1004B000850000005CF500086CF5000812000000E3
:1004C0001C49002002000000E1B300088600000083
:1004D00070F5000880F50008120000001C4900209B
:1004E00002000000E1B300088700000084F5000866
:1004F00094F50008120000001C49002002000000D2
:10050000E1B300088800000098F50008ACF5000889
:10051000120000001C49002002000000E1B30008A6
:1005200089000000B0F50008C8F5000812000000BE
:100530001C49002002000000E1B300089000000008
:10054000CCF5000800000000000000001C4900205D
:100550002C000000E1B30008A0000000DCF500085A
:10056000F0F50008120000001C4900200200000005
:10057000E1B300085CFF000864FF000870FF00089A
:1005800078FF00080000000068000000000C014037
:100590000400000001000000000000000000000056
:1005A000010000006A000000000C0140040000008F
:1005B0000100000000000000000000000200000038
:1005C0006C000000000C014004000000010000006D
:1005D0000000000000000000030000006E000000AA
:1005E000000C0140040000000100000000000000B9
:1005F000000000000400000070000000000801403E
:1006000010000000010000000000000000000000D9
:100610000500000072000000000801400200000018
:1006200000000000000000000000000006000000C4
:1006300075000000000801400010000000000000EC
:100640000100000000000000070400003900000065
:100650000008014020000000010000000000000030
:1006600000000000080100003C0000000000000045
:10067000000000000000000000000000000000007A
:10068000090100003E000000000000000000000022
:100690000000000000000000000000000A0100004F
:1006A000400000000000000000000000000000000A
:1006B00000000000000000000B01000042000000EC
:1006C000000000000000000000000000000000002A
:1006D000000000000C0100004400000000000000C9
:1006E000000000000000000000000000000000000A
:1006F0000D010000460000000000000000000000A6
:100700000000000000000000000000000E020000D9
:100710004900000000000000000000000000000090
:1007200000000000000000000F0200004B0000006D
:1007300000000000000000000000000000000000B9
:1007400000000000100200004D000000000000004A
:100750000000000000000000000000000000000099
:10076000110200004F000000000000000000000027
:100770000000000000000000000000001202000065
:100780005100000000000000000000000000000018
:1007900000000000000000001302000053000000F1
:1007A0000000000000000000000000000000000049
:1007B00000000000140200005900000000000000CA
:1007C0000000000000000000000000000000000029
:1007D000150200005B0000000000000000000000A7
:1007E00000000000000000000000000016020000F1
:1007F0005D0000000000000000000000000000009C
:100800000000000000000000170200005F00000070
:1008100000000000000000000000000000000000D8
:10082000000000001802000061000000000000004D
:1008300000000000000000000000000000000000B8
:10084000190200006300000000000000000000002A
:100850000000000000000000000000001A0300007B
:100860007A0000000000000000000000000000000E
:1008700000000000000000001B03000086000000D4
:100880000000000000000000000000000000000068
:10089000000000001C0300009200000000000000A7
:1008A0000000000000000000000000000000000048
:1008B0001D0300009E00000000000000000000007A
:1008C0000000000000000000000000000000040024
:1008D0000000000000000000000000000000000018
:1008E0000000000000000000000000000000000008
:1008F00000000000000000000000000000000000F8
:10090000000000000000000001FFFF01FFFFFFFFEB
:10091000FFFFFFFFFFFFFFFF00FFFFFFFFFFFFFFE6
:10092000FFFFFFFFFF00000000FFFFFFFFFFFFFFD3
:10093000FFFFFFFFFF000000FFFFFFFFFFFFFFFFC4
:10094000FFFFFFFF01FFFF0100FFFFFF00000000AE
:100950000000000000FFFFFF00000000000000009A
:1009600000FFFFFF000000000000000000FFFFFF8D
:100970000000000000000000FF534146452D4445A3
:100980004641554C5420286D6F746F722064697312
:1009900061626C6564290000000000000000000036
:1009A0000000000000000000000000000053544D53
:1009B00033324631303352435436000000000000D9
:1009C0000000000000000000000000000000000027
:1009D0000000000000000000000000000000000017
:1009E000EEAF10CE02000501010501060107020A63
:1009F000020B020C080206000702070100020801B0
:100A00000100E803010008010D0009010E000A01C0
:100A10000F00E803FFFF0102FFFFFFFF00040001DA
:100A200000000C00010C0202000050410000000018
:100A300000FFFFFF0000000000000000010A0200AC
:100A4000000000000000803F010B020100000000D8
:100A50000000803FFF454665727520686F766572BD
:100A6000626F6172642D6669726D776172652D685F
:100A700061636B20424F4152445F56415249414E9F
:100A8000545F3000000000000053544D33324631B3
:100A900030335243543600000000000000000000D4
:100AA0000000000000000000000000000000000046
:100AB0000000000000000000000000002E21E8B54A
:100AC00002020F01010501060107020A020B020CD6
:100AD0000802060007020701000208010100E803FE
:100AE000010008010D0009010E000A010F00E803D2
:100AF000FFFF0102FFFFFFFF020D010900000B00D5
:100B000001010001000050410000000000FFFFFF54
:100B10000000000000000000010A020000000000C8
:100B20000000803F010B0201000000000000803F38
:100B3000FF454665727520686F766572626F6172F7
:100B4000642D6669726D776172652D6861636B20D3
:100B5000424F4152445F56415249414E545F310029
:100B6000000000000053544D3332463130334338D7
:100B70005436202F204744333246313000000000E5
:100B80000000000000000000000000000000000065
:100B9000000000000000000079887D1C01000401B5
:100BA000FFFFFFFFFFFF00010000000200FFFFFF4B
:100BB000FFFFFFFFFFFFFFFFFF0000000100080134
:100BC0000D0009010E000A010F004103000F01038F
:100BD0000104FFFFFFFF000301FFFF010105000506
:100BE000000050410000000000FFFFFF0000000077
:100BF0000000000001070007000000000000803F27
:100C000000FFFFFF0000000000000000FF526F62C5
:100C10006F44757264656E2047656E322E7820537E
:100C2000544D333246313033204C41594F555420C6
:100C300031202873696E676C652D6D6F00000000B0
:080C40006C02FF7F01000000BF
:040C4800510200084D
:040C4C002902000871
:100C50000400002000000000340500209C05002056
:100C6000040600200000000000000000000000005A
:100C70000000000000000000000000000000000074
:100C80000000000000000000000000000000000064
:100C90000000000000000000000000000000000054
:100CA00000000000030000003405002000A24A04F8
:100CB0000010000000000000000000000000000024
:100CC0000000000000000000000000000000000024
:100CD0000000000000000000000000000000000014
:100CE0000000000000000000000000000000000004
:100CF00000000000000000000000000000000000F4
:100D000000000000000000000000000000000000E3
:100D100000000000000000000000000000000000D3
:100D200000000000000000000000000000000000C3
:100D300000000000000000000000000000000000B3
:100D400000000000000000000000000000000000A3
:100D50000000000000000000000000000000000093
:100D60000000000000000000000000000000000083
:100D70000000000000000000000000000000000073
:100D80000000000000000000000000000000000063
:100D90000000000000000000000000000000000053
:100DA000000000000000000000000000D00700006C
:100DB000D0070000D0070000D0070000D0070000D7
:100DC000D00700001F0000000000204200000000CB
:100DD0000000000000000000000000000000000013
:100DE0000000000000000000000000000000000003
:100DF00000000000000000000000000000000000F3
:100E000000000000000000000004000000000000DE
:100E100000000000000000000000000000000000D2
:100E200000000000000000000000000000000000C2
:100E300000000000000400000000000000000000AE
:100E40000000000003000000010000001E00000080
:100E50000F000000401F0000000000000000000024
:100E6000010100009A1925430010000000F8030852
:100E7000030000009FB200089DB2000899B200086C
:100E8000756E6C6F636B415343494900000000006D
:100E90000000000058020000A8FDFFFF280000002D
:100EA0000000000000000000C80000004600000034
:100EB0000000000000000000000000000000000032
:100EC000000000000000000058020000A8FDFFFF25
:100ED00028000000000000000000000000000000EA
:100EE00000000000672B00000A0000000F00000057
:100EF0001E000000900100004600000000000000FD
:100F000064000000C80000002C01000090010000F7
:100F1000F401000058020000BC02000020030000A1
:100F200084030000E803000000000000000000004F
:100F30000000020003000500090010001900320043
:100F40001400DC0503010000E803E803E80318FCD3
:100F500018FC18FCE80318FC18FCE803E803E80395
:100F600018FC18FCE80318FC18FC18FCE803E8035C
:100F7000E803F4018302FE026203AC03D903E80331
:100F8000D903AC036203FE028302F4015601AE00F2
:100F9000000052FFAAFE0CFE7DFD02FD9EFC54FCEB
:100FA00027FC18FC27FC54FC9EFC02FD7DFD0CFE7A
:100FB000AAFE52FF0000AE005601F40118FC27FC07
:100FC00054FC9EFC02FD7DFD0CFEAAFE52FF0000BB
:100FD000AE005601F4018302FE026203AC03D903A2
:100FE000E803D903AC036203FE028302F401560155
:100FF000AE00000052FFAAFE0CFE7DFD02FD9EFC2D
:1010000054FC27FC18FCF4015601AE00000052FF0E
:10101000AAFE0CFE7DFD02FD9EFC54FC27FC18FC84
:1010200027FC54FC9EFC02FD7DFD0CFEAAFE52FF37
:101030000000AE005601F4018302FE026203AC031D
:10104000D903E803D903AC036203FE028302F4016F
:101050002D03B103E803E403C2039E0390039E0340
:10106000C203E403E803B1032D0357023F0100006C
:10107000C1FEA9FDD3FC4FFC18FC1CFC3EFC62FC2D
:1010800070FC62FC3EFC1CFC18FC4FFCD3FCA9FD70
:10109000C1FE00003F0157022D0370FC62FC3EFCC4
:1010A0001CFC18FC4FFCD3FCA9FDC1FE00003F0155
:1010B00057022D03B103E803E403C2039E03900328
:1010C0009E03C203E403E803B1032D0357023F016B
:1010D0000000C1FEA9FDD3FC4FFC18FC1CFC3EFC2B
:1010E00062FC70FC2D0357023F010000C1FEA9FD08
:1010F000D3FC4FFC18FC1CFC3EFC62FC70FC62FC48
:101100003EFC1CFC18FC4FFCD3FCA9FDC1FE0000FA
:101110003F0157022D03B103E803E403C2039E031A
:1011200090039E03C203E403E803B1032D03E80325
:1011300018FC0000E803000018FC0000E80318FC9D
:1011400018FCE803000018FC0000E803000018FC8D
:10115000E8030005030401000200FF00FFFF000098
:040000050800EC5DA6
:00000001FF
